VTX, IDX, in_POSITION0.x, in_POSITION0.y, in_POSITION0.z, in_NORMAL0.x, in_NORMAL0.y, in_NORMAL0.z, in_TEXCOORD0.x, in_TEXCOORD0.y
0, 0, -0.06133,  0.06748,  0.02224, -0.46569, -0.24894, -0.84921,  0.80996,  0.0286
1, 1, -0.06182,  0.06898,  0.02206, -0.31747,  0.84123, -0.43765,  0.80996,  0.02553
2, 2, -0.05912,  0.06903,  0.02108, -0.07283,  0.82927, -0.55409,  0.80479,  0.02553
3, 2, -0.05912,  0.06903,  0.02108, -0.07283,  0.82927, -0.55409,  0.80479,  0.02553
4, 3, -0.05894,  0.06752,  0.02138, -0.18776, -0.21259, -0.95893,  0.80479,  0.0286
5, 0, -0.06133,  0.06748,  0.02224, -0.46569, -0.24894, -0.84921,  0.80996,  0.0286
6, 1, -0.06182,  0.06898,  0.02206, -0.31747,  0.84123, -0.43765,  0.80996,  0.02553
7, 0, -0.06133,  0.06748,  0.02224, -0.46569, -0.24894, -0.84921,  0.80996,  0.0286
8, 4, -0.06328,  0.06715,  0.02386, -0.67076, -0.3543, -0.65157,  0.81508,  0.0286
9, 4, -0.06328,  0.06715,  0.02386, -0.67076, -0.3543, -0.65157,  0.81508,  0.0286
10, 5, -0.064,  0.06861,  0.02381, -0.54319,  0.79285, -0.27629,  0.81508,  0.02553
11, 1, -0.06182,  0.06898,  0.02206, -0.31747,  0.84123, -0.43765,  0.80996,  0.02553
12, 5, -0.064,  0.06861,  0.02381, -0.54319,  0.79285, -0.27629,  0.81508,  0.02553
13, 4, -0.06328,  0.06715,  0.02386, -0.67076, -0.3543, -0.65157,  0.81508,  0.0286
14, 6, -0.06543,  0.06797,  0.02626, -0.71896,  0.69286, -0.05519,  0.82039,  0.02553
15, 7, -0.06457,  0.06659,  0.02606, -0.80373, -0.44562, -0.39427,  0.82039,  0.0286
16, 6, -0.06543,  0.06797,  0.02626, -0.71896,  0.69286, -0.05519,  0.82039,  0.02553
17, 4, -0.06328,  0.06715,  0.02386, -0.67076, -0.3543, -0.65157,  0.81508,  0.0286
18, 6, -0.06543,  0.06797,  0.02626, -0.71896,  0.69286, -0.05519,  0.82039,  0.02553
19, 7, -0.06457,  0.06659,  0.02606, -0.80373, -0.44562, -0.39427,  0.82039,  0.0286
20, 8, -0.06497,  0.06583,  0.0288, -0.83292, -0.53068, -0.15693,  0.82622,  0.0286
21, 8, -0.06497,  0.06583,  0.0288, -0.83292, -0.53068, -0.15693,  0.82622,  0.0286
22, 9, -0.06588,  0.0671,  0.02934, -0.80843,  0.56341,  0.1703,  0.82622,  0.02553
23, 6, -0.06543,  0.06797,  0.02626, -0.71896,  0.69286, -0.05519,  0.82039,  0.02553
24, 3, -0.05894,  0.06752,  0.02138, -0.18776, -0.21259, -0.95893,  0.80479,  0.0286
25, 2, -0.05912,  0.06903,  0.02108, -0.07283,  0.82927, -0.55409,  0.80479,  0.02553
26, 10, -0.05612,  0.06876,  0.02098,  0.16532,  0.79001, -0.59038,  0.79937,  0.02553
27, 10, -0.05612,  0.06876,  0.02098,  0.16532,  0.79001, -0.59038,  0.79937,  0.02553
28, 11, -0.05632,  0.06728,  0.0213,  0.06776, -0.22355, -0.97233,  0.79937,  0.0286
29, 3, -0.05894,  0.06752,  0.02138, -0.18776, -0.21259, -0.95893,  0.80479,  0.0286
30, 12, -0.05376,  0.0668,  0.0219,  0.25398, -0.27749, -0.92655,  0.79394,  0.0286
31, 11, -0.05632,  0.06728,  0.0213,  0.06776, -0.22355, -0.97233,  0.79937,  0.0286
32, 10, -0.05612,  0.06876,  0.02098,  0.16532,  0.79001, -0.59038,  0.79937,  0.02553
33, 10, -0.05612,  0.06876,  0.02098,  0.16532,  0.79001, -0.59038,  0.79937,  0.02553
34, 13, -0.05322,  0.06821,  0.02163,  0.36905,  0.74432, -0.55659,  0.79394,  0.02553
35, 12, -0.05376,  0.0668,  0.0219,  0.25398, -0.27749, -0.92655,  0.79394,  0.0286
36, 14, -0.05164,  0.06613,  0.02293,  0.40536, -0.36403, -0.83855,  0.78897,  0.0286
37, 12, -0.05376,  0.0668,  0.0219,  0.25398, -0.27749, -0.92655,  0.79394,  0.0286
38, 13, -0.05322,  0.06821,  0.02163,  0.36905,  0.74432, -0.55659,  0.79394,  0.02553
39, 13, -0.05322,  0.06821,  0.02163,  0.36905,  0.74432, -0.55659,  0.79394,  0.02553
40, 15, -0.05081,  0.06746,  0.02275,  0.56573,  0.6822, -0.46321,  0.78897,  0.02553
41, 14, -0.05164,  0.06613,  0.02293,  0.40536, -0.36403, -0.83855,  0.78897,  0.0286
42, 16, -0.05006,  0.06534,  0.02433,  0.55102, -0.47101, -0.68885,  0.78434,  0.0286
43, 14, -0.05164,  0.06613,  0.02293,  0.40536, -0.36403, -0.83855,  0.78897,  0.0286
44, 15, -0.05081,  0.06746,  0.02275,  0.56573,  0.6822, -0.46321,  0.78897,  0.02553
45, 15, -0.05081,  0.06746,  0.02275,  0.56573,  0.6822, -0.46321,  0.78897,  0.02553
46, 17, -0.049,  0.06656,  0.02434,  0.74939,  0.58897, -0.30255,  0.78434,  0.02553
47, 16, -0.05006,  0.06534,  0.02433,  0.55102, -0.47101, -0.68885,  0.78434,  0.0286
48, 16, -0.05006,  0.06534,  0.02433,  0.55102, -0.47101, -0.68885,  0.78434,  0.0286
49, 17, -0.049,  0.06656,  0.02434,  0.74939,  0.58897, -0.30255,  0.78434,  0.02553
50, 18, -0.04789,  0.06559,  0.02635,  0.88053,  0.46672, -0.08271,  0.77989,  0.02553
51, 18, -0.04789,  0.06559,  0.02635,  0.88053,  0.46672, -0.08271,  0.77989,  0.02553
52, 19, -0.04909,  0.0645,  0.02609,  0.64911, -0.59314, -0.47627,  0.77989,  0.0286
53, 16, -0.05006,  0.06534,  0.02433,  0.55102, -0.47101, -0.68885,  0.78434,  0.0286
54, 19, -0.04909,  0.0645,  0.02609,  0.64911, -0.59314, -0.47627,  0.77989,  0.0286
55, 18, -0.04789,  0.06559,  0.02635,  0.88053,  0.46672, -0.08271,  0.77989,  0.02553
56, 20, -0.0476,  0.06465,  0.02858,  0.93151,  0.3187,  0.17527,  0.77548,  0.02553
57, 20, -0.0476,  0.06465,  0.02858,  0.93151,  0.3187,  0.17527,  0.77548,  0.02553
58, 21, -0.04883,  0.06367,  0.02807,  0.66213, -0.71096, -0.23688,  0.77548,  0.0286
59, 19, -0.04909,  0.0645,  0.02609,  0.64911, -0.59314, -0.47627,  0.77989,  0.0286
60, 21, -0.04883,  0.06367,  0.02807,  0.66213, -0.71096, -0.23688,  0.77548,  0.0286
61, 20, -0.0476,  0.06465,  0.02858,  0.93151,  0.3187,  0.17527,  0.77548,  0.02553
62, 22, -0.04931,  0.0629,  0.03025,  0.61188, -0.79059, -0.02376,  0.77072,  0.0286
63, 22, -0.04931,  0.0629,  0.03025,  0.61188, -0.79059, -0.02376,  0.77072,  0.0286
64, 20, -0.0476,  0.06465,  0.02858,  0.93151,  0.3187,  0.17527,  0.77548,  0.02553
65, 23, -0.04815,  0.06378,  0.03098,  0.89291,  0.16852,  0.4175,  0.77072,  0.02553
66, 23, -0.04815,  0.06378,  0.03098,  0.89291,  0.16852,  0.4175,  0.77072,  0.02553
67, 24, -0.05049,  0.06226,  0.03228,  0.49753, -0.84991,  0.17355,  0.76577,  0.0286
68, 22, -0.04931,  0.0629,  0.03025,  0.61188, -0.79059, -0.02376,  0.77072,  0.0286
69, 23, -0.04815,  0.06378,  0.03098,  0.89291,  0.16852,  0.4175,  0.77072,  0.02553
70, 25, -0.04949,  0.06305,  0.03328,  0.76299,  0.03001,  0.64572,  0.76577,  0.02553
71, 24, -0.05049,  0.06226,  0.03228,  0.49753, -0.84991,  0.17355,  0.76577,  0.0286
72, 26, -0.05226,  0.0619,  0.0338,  0.32012, -0.88632,  0.33461,  0.76091,  0.0286
73, 24, -0.05049,  0.06226,  0.03228,  0.49753, -0.84991,  0.17355,  0.76577,  0.0286
74, 25, -0.04949,  0.06305,  0.03328,  0.76299,  0.03001,  0.64572,  0.76577,  0.02553
75, 25, -0.04949,  0.06305,  0.03328,  0.76299,  0.03001,  0.64572,  0.76577,  0.02553
76, 27, -0.05152,  0.06263,  0.03502,  0.55505, -0.0934,  0.82655,  0.76091,  0.02553
77, 26, -0.05226,  0.0619,  0.0338,  0.32012, -0.88632,  0.33461,  0.76091,  0.0286
78, 28, -0.05455,  0.06183,  0.03501,  0.13763, -0.88707,  0.44064,  0.75565,  0.0286
79, 26, -0.05226,  0.0619,  0.0338,  0.32012, -0.88632,  0.33461,  0.76091,  0.0286
80, 27, -0.05152,  0.06263,  0.03502,  0.55505, -0.0934,  0.82655,  0.76091,  0.02553
81, 27, -0.05152,  0.06263,  0.03502,  0.55505, -0.0934,  0.82655,  0.76091,  0.02553
82, 29, -0.05411,  0.06255,  0.03633,  0.32996, -0.173,  0.92801,  0.75565,  0.02553
83, 28, -0.05455,  0.06183,  0.03501,  0.13763, -0.88707,  0.44064,  0.75565,  0.0286
84, 30, -0.05713,  0.06208,  0.03569, -0.08055, -0.86037,  0.50327,  0.75023,  0.0286
85, 28, -0.05455,  0.06183,  0.03501,  0.13763, -0.88707,  0.44064,  0.75565,  0.0286
86, 29, -0.05411,  0.06255,  0.03633,  0.32996, -0.173,  0.92801,  0.75565,  0.02553
87, 29, -0.05411,  0.06255,  0.03633,  0.32996, -0.173,  0.92801,  0.75565,  0.02553
88, 31, -0.05702,  0.06285,  0.03702,  0.06579, -0.15674,  0.98545,  0.75023,  0.02553
89, 30, -0.05713,  0.06208,  0.03569, -0.08055, -0.86037,  0.50327,  0.75023,  0.0286
90, 30, -0.05713,  0.06208,  0.03569, -0.08055, -0.86037,  0.50327,  0.75023,  0.0286
91, 31, -0.05702,  0.06285,  0.03702,  0.06579, -0.15674,  0.98545,  0.75023,  0.02553
92, 32, -0.0599,  0.06347,  0.03686, -0.19449, -0.08226,  0.97745,  0.74492,  0.02553
93, 32, -0.0599,  0.06347,  0.03686, -0.19449, -0.08226,  0.97745,  0.74492,  0.02553
94, 33, -0.05967,  0.06262,  0.03556, -0.29913, -0.82378,  0.48156,  0.74492,  0.0286
95, 30, -0.05713,  0.06208,  0.03569, -0.08055, -0.86037,  0.50327,  0.75023,  0.0286
96, 33, -0.05967,  0.06262,  0.03556, -0.29913, -0.82378,  0.48156,  0.74492,  0.0286
97, 32, -0.0599,  0.06347,  0.03686, -0.19449, -0.08226,  0.97745,  0.74492,  0.02553
98, 34, -0.06243,  0.06423,  0.03606, -0.44429,  0.07354,  0.89286,  0.73996,  0.02553
99, 34, -0.06243,  0.06423,  0.03606, -0.44429,  0.07354,  0.89286,  0.73996,  0.02553
100, 35, -0.06189,  0.06331,  0.03483, -0.50174, -0.78137,  0.37109,  0.73996,  0.0286
101, 33, -0.05967,  0.06262,  0.03556, -0.29913, -0.82378,  0.48156,  0.74492,  0.0286
102, 35, -0.06189,  0.06331,  0.03483, -0.50174, -0.78137,  0.37109,  0.73996,  0.0286
103, 34, -0.06243,  0.06423,  0.03606, -0.44429,  0.07354,  0.89286,  0.73996,  0.02553
104, 36, -0.06431,  0.06514,  0.03453, -0.68403,  0.26124,  0.68107,  0.7353,  0.02553
105, 36, -0.06431,  0.06514,  0.03453, -0.68403,  0.26124,  0.68107,  0.7353,  0.02553
106, 37, -0.06354,  0.0641,  0.03345, -0.68257, -0.70536,  0.1912,  0.7353,  0.0286
107, 35, -0.06189,  0.06331,  0.03483, -0.50174, -0.78137,  0.37109,  0.73996,  0.0286
108, 37, -0.06354,  0.0641,  0.03345, -0.68257, -0.70536,  0.1912,  0.7353,  0.0286
109, 36, -0.06431,  0.06514,  0.03453, -0.68403,  0.26124,  0.68107,  0.7353,  0.02553
110, 38, -0.06545,  0.06613,  0.0323, -0.80597,  0.42956,  0.4073,  0.73043,  0.02553
111, 38, -0.06545,  0.06613,  0.0323, -0.80597,  0.42956,  0.4073,  0.73043,  0.02553
112, 39, -0.06456,  0.06497,  0.03145, -0.78765, -0.61597,  0.01372,  0.73043,  0.0286
113, 37, -0.06354,  0.0641,  0.03345, -0.68257, -0.70536,  0.1912,  0.7353,  0.0286
114, 39, -0.06456,  0.06497,  0.03145, -0.78765, -0.61597,  0.01372,  0.73043,  0.0286
115, 38, -0.06545,  0.06613,  0.0323, -0.80597,  0.42956,  0.4073,  0.73043,  0.02553
116, 40, -0.06588,  0.0671,  0.02934, -0.80843,  0.56341,  0.1703,  0.72474,  0.02553
117, 40, -0.06588,  0.0671,  0.02934, -0.80843,  0.56341,  0.1703,  0.72474,  0.02553
118, 41, -0.06497,  0.06583,  0.0288, -0.83292, -0.53068, -0.15693,  0.72474,  0.0286
119, 39, -0.06456,  0.06497,  0.03145, -0.78765, -0.61597,  0.01372,  0.73043,  0.0286
120, 42, -0.05912,  0.06903,  0.02108, -0.07283,  0.82927, -0.55409,  0.88743,  0.64538
121, 43, -0.06182,  0.06898,  0.02206, -0.31747,  0.84123, -0.43765,  0.83152,  0.78091
122, 44, -0.06069,  0.06856,  0.02386,  0.14597,  0.92416,  0.35301,  0.74198,  0.72066
123, 44, -0.06069,  0.06856,  0.02386,  0.14597,  0.92416,  0.35301,  0.74198,  0.72066
124, 45, -0.05856,  0.0686,  0.02295,  0.12373,  0.91364,  0.38724,  0.79255,  0.61269
125, 42, -0.05912,  0.06903,  0.02108, -0.07283,  0.82927, -0.55409,  0.88743,  0.64538
126, 44, -0.06069,  0.06856,  0.02386,  0.14597,  0.92416,  0.35301,  0.74198,  0.72066
127, 43, -0.06182,  0.06898,  0.02206, -0.31747,  0.84123, -0.43765,  0.83152,  0.78091
128, 46, -0.064,  0.06861,  0.02381, -0.54319,  0.79285, -0.27629,  0.7368,  0.88729
129, 46, -0.064,  0.06861,  0.02381, -0.54319,  0.79285, -0.27629,  0.7368,  0.88729
130, 47, -0.06242,  0.06828,  0.02539,  0.13916,  0.93769,  0.31838,  0.65895,  0.80605
131, 44, -0.06069,  0.06856,  0.02386,  0.14597,  0.92416,  0.35301,  0.74198,  0.72066
132, 47, -0.06242,  0.06828,  0.02539,  0.13916,  0.93769,  0.31838,  0.65895,  0.80605
133, 46, -0.064,  0.06861,  0.02381, -0.54319,  0.79285, -0.27629,  0.7368,  0.88729
134, 48, -0.06543,  0.06797,  0.02626, -0.71896,  0.69286, -0.05519,  0.60752,  0.95604
135, 48, -0.06543,  0.06797,  0.02626, -0.71896,  0.69286, -0.05519,  0.60752,  0.95604
136, 49, -0.06353,  0.06777,  0.02742,  0.13905,  0.94571,  0.29377,  0.55097,  0.86009
137, 47, -0.06242,  0.06828,  0.02539,  0.13916,  0.93769,  0.31838,  0.65895,  0.80605
138, 49, -0.06353,  0.06777,  0.02742,  0.13905,  0.94571,  0.29377,  0.55097,  0.86009
139, 48, -0.06543,  0.06797,  0.02626, -0.71896,  0.69286, -0.05519,  0.60752,  0.95604
140, 50, -0.06588,  0.0671,  0.02934, -0.80843,  0.56341,  0.1703,  0.44489,  0.97635
141, 50, -0.06588,  0.0671,  0.02934, -0.80843,  0.56341,  0.1703,  0.44489,  0.97635
142, 51, -0.06386,  0.06711,  0.02984,  0.14142,  0.94784,  0.28565,  0.42395,  0.87417
143, 49, -0.06353,  0.06777,  0.02742,  0.13905,  0.94571,  0.29377,  0.55097,  0.86009
144, 51, -0.06386,  0.06711,  0.02984,  0.14142,  0.94784,  0.28565,  0.42395,  0.87417
145, 50, -0.06588,  0.0671,  0.02934, -0.80843,  0.56341,  0.1703,  0.44489,  0.97635
146, 52, -0.06545,  0.06613,  0.0323, -0.80597,  0.42956,  0.4073,  0.28831,  0.94633
147, 52, -0.06545,  0.06613,  0.0323, -0.80597,  0.42956,  0.4073,  0.28831,  0.94633
148, 53, -0.06348,  0.06635,  0.03212,  0.14965,  0.93954,  0.30801,  0.30424,  0.8492
149, 51, -0.06386,  0.06711,  0.02984,  0.14142,  0.94784,  0.28565,  0.42395,  0.87417
150, 53, -0.06348,  0.06635,  0.03212,  0.14965,  0.93954,  0.30801,  0.30424,  0.8492
151, 52, -0.06545,  0.06613,  0.0323, -0.80597,  0.42956,  0.4073,  0.28831,  0.94633
152, 54, -0.06431,  0.06514,  0.03453, -0.68403,  0.26124,  0.68107,  0.17053,  0.88198
153, 54, -0.06431,  0.06514,  0.03453, -0.68403,  0.26124,  0.68107,  0.17053,  0.88198
154, 55, -0.06257,  0.06559,  0.03385,  0.15519,  0.92943,  0.33477,  0.21214,  0.79796
155, 53, -0.06348,  0.06635,  0.03212,  0.14965,  0.93954,  0.30801,  0.30424,  0.8492
156, 55, -0.06257,  0.06559,  0.03385,  0.15519,  0.92943,  0.33477,  0.21214,  0.79796
157, 54, -0.06431,  0.06514,  0.03453, -0.68403,  0.26124,  0.68107,  0.17053,  0.88198
158, 56, -0.06243,  0.06423,  0.03606, -0.44429,  0.07354,  0.89286,  0.0853,  0.78515
159, 56, -0.06243,  0.06423,  0.03606, -0.44429,  0.07354,  0.89286,  0.0853,  0.78515
160, 57, -0.06111,  0.06488,  0.03509,  0.15534,  0.92323,  0.35143,  0.14374,  0.72115
161, 55, -0.06257,  0.06559,  0.03385,  0.15519,  0.92943,  0.33477,  0.21214,  0.79796
162, 57, -0.06111,  0.06488,  0.03509,  0.15534,  0.92323,  0.35143,  0.14374,  0.72115
163, 56, -0.06243,  0.06423,  0.03606, -0.44429,  0.07354,  0.89286,  0.0853,  0.78515
164, 58, -0.0599,  0.06347,  0.03686, -0.19449, -0.08226,  0.97745,  0.0334,  0.65432
165, 58, -0.0599,  0.06347,  0.03686, -0.19449, -0.08226,  0.97745,  0.0334,  0.65432
166, 59, -0.05914,  0.06427,  0.0358,  0.16846,  0.91852,  0.3577,  0.10191,  0.61957
167, 57, -0.06111,  0.06488,  0.03509,  0.15534,  0.92323,  0.35143,  0.14374,  0.72115
168, 59, -0.05914,  0.06427,  0.0358,  0.16846,  0.91852,  0.3577,  0.10191,  0.61957
169, 58, -0.0599,  0.06347,  0.03686, -0.19449, -0.08226,  0.97745,  0.0334,  0.65432
170, 60, -0.05702,  0.06285,  0.03702,  0.06579, -0.15674,  0.98545,  0.01921,  0.50256
171, 60, -0.05702,  0.06285,  0.03702,  0.06579, -0.15674,  0.98545,  0.01921,  0.50256
172, 61, -0.05691,  0.06378,  0.03594,  0.18005,  0.9162,  0.358,  0.09004,  0.50337
173, 59, -0.05914,  0.06427,  0.0358,  0.16846,  0.91852,  0.3577,  0.10191,  0.61957
174, 61, -0.05691,  0.06378,  0.03594,  0.18005,  0.9162,  0.358,  0.09004,  0.50337
175, 60, -0.05702,  0.06285,  0.03702,  0.06579, -0.15674,  0.98545,  0.01921,  0.50256
176, 62, -0.05411,  0.06255,  0.03633,  0.32996, -0.173,  0.92801,  0.05099,  0.35042
177, 62, -0.05411,  0.06255,  0.03633,  0.32996, -0.173,  0.92801,  0.05099,  0.35042
178, 63, -0.05465,  0.06355,  0.03537,  0.17557,  0.91896,  0.35312,  0.11665,  0.38593
179, 61, -0.05691,  0.06378,  0.03594,  0.18005,  0.9162,  0.358,  0.09004,  0.50337
180, 63, -0.05465,  0.06355,  0.03537,  0.17557,  0.91896,  0.35312,  0.11665,  0.38593
181, 62, -0.05411,  0.06255,  0.03633,  0.32996, -0.173,  0.92801,  0.05099,  0.35042
182, 64, -0.05261,  0.06362,  0.03423,  0.14686,  0.92609,  0.34756,  0.17593,  0.28158
183, 65, -0.05152,  0.06263,  0.03502,  0.55505, -0.0934,  0.82655,  0.12172,  0.21764
184, 64, -0.05261,  0.06362,  0.03423,  0.14686,  0.92609,  0.34756,  0.17593,  0.28158
185, 62, -0.05411,  0.06255,  0.03633,  0.32996, -0.173,  0.92801,  0.05099,  0.35042
186, 65, -0.05152,  0.06263,  0.03502,  0.55505, -0.0934,  0.82655,  0.12172,  0.21764
187, 66, -0.051,  0.06394,  0.03281,  0.10885,  0.93358,  0.34145,  0.25376,  0.20201
188, 64, -0.05261,  0.06362,  0.03423,  0.14686,  0.92609,  0.34756,  0.17593,  0.28158
189, 67, -0.04949,  0.06305,  0.03328,  0.76299,  0.03001,  0.64572,  0.21927,  0.11915
190, 66, -0.051,  0.06394,  0.03281,  0.10885,  0.93358,  0.34145,  0.25376,  0.20201
191, 65, -0.05152,  0.06263,  0.03502,  0.55505, -0.0934,  0.82655,  0.12172,  0.21764
192, 68, -0.04995,  0.0645,  0.03098,  0.09855,  0.93294,  0.34627,  0.35325,  0.15156
193, 66, -0.051,  0.06394,  0.03281,  0.10885,  0.93358,  0.34145,  0.25376,  0.20201
194, 67, -0.04949,  0.06305,  0.03328,  0.76299,  0.03001,  0.64572,  0.21927,  0.11915
195, 68, -0.04995,  0.0645,  0.03098,  0.09855,  0.93294,  0.34627,  0.35325,  0.15156
196, 67, -0.04949,  0.06305,  0.03328,  0.76299,  0.03001,  0.64572,  0.21927,  0.11915
197, 69, -0.04815,  0.06378,  0.03098,  0.89291,  0.16852,  0.4175,  0.34428,  0.05515
198, 70, -0.04952,  0.06519,  0.02899,  0.07849,  0.9316,  0.3549,  0.46114,  0.13304
199, 68, -0.04995,  0.0645,  0.03098,  0.09855,  0.93294,  0.34627,  0.35325,  0.15156
200, 69, -0.04815,  0.06378,  0.03098,  0.89291,  0.16852,  0.4175,  0.34428,  0.05515
201, 69, -0.04815,  0.06378,  0.03098,  0.89291,  0.16852,  0.4175,  0.34428,  0.05515
202, 71, -0.0476,  0.06465,  0.02858,  0.93151,  0.3187,  0.17527,  0.4749,  0.03319
203, 70, -0.04952,  0.06519,  0.02899,  0.07849,  0.9316,  0.3549,  0.46114,  0.13304
204, 72, -0.04975,  0.06593,  0.02717,  0.07294,  0.92285,  0.37819,  0.56105,  0.14852
205, 70, -0.04952,  0.06519,  0.02899,  0.07849,  0.9316,  0.3549,  0.46114,  0.13304
206, 71, -0.0476,  0.06465,  0.02858,  0.93151,  0.3187,  0.17527,  0.4749,  0.03319
207, 71, -0.0476,  0.06465,  0.02858,  0.93151,  0.3187,  0.17527,  0.4749,  0.03319
208, 73, -0.04789,  0.06559,  0.02635,  0.88053,  0.46672, -0.08271,  0.59595,  0.05292
209, 72, -0.04975,  0.06593,  0.02717,  0.07294,  0.92285,  0.37819,  0.56105,  0.14852
210, 74, -0.0506,  0.06668,  0.02558,  0.07796,  0.9127,  0.40113,  0.6495,  0.19483
211, 72, -0.04975,  0.06593,  0.02717,  0.07294,  0.92285,  0.37819,  0.56105,  0.14852
212, 73, -0.04789,  0.06559,  0.02635,  0.88053,  0.46672, -0.08271,  0.59595,  0.05292
213, 73, -0.04789,  0.06559,  0.02635,  0.88053,  0.46672, -0.08271,  0.59595,  0.05292
214, 75, -0.049,  0.06656,  0.02434,  0.74939,  0.58897, -0.30255,  0.70752,  0.11198
215, 74, -0.0506,  0.06668,  0.02558,  0.07796,  0.9127,  0.40113,  0.6495,  0.19483
216, 74, -0.0506,  0.06668,  0.02558,  0.07796,  0.9127,  0.40113,  0.6495,  0.19483
217, 75, -0.049,  0.06656,  0.02434,  0.74939,  0.58897, -0.30255,  0.70752,  0.11198
218, 76, -0.05081,  0.06746,  0.02275,  0.56573,  0.6822, -0.46321,  0.79863,  0.2073
219, 76, -0.05081,  0.06746,  0.02275,  0.56573,  0.6822, -0.46321,  0.79863,  0.2073
220, 77, -0.052,  0.06738,  0.02432,  0.07622,  0.90725,  0.41363,  0.72157,  0.26848
221, 74, -0.0506,  0.06668,  0.02558,  0.07796,  0.9127,  0.40113,  0.6495,  0.19483
222, 77, -0.052,  0.06738,  0.02432,  0.07622,  0.90725,  0.41363,  0.72157,  0.26848
223, 76, -0.05081,  0.06746,  0.02275,  0.56573,  0.6822, -0.46321,  0.79863,  0.2073
224, 78, -0.05322,  0.06821,  0.02163,  0.36905,  0.74432, -0.55659,  0.86388,  0.33559
225, 78, -0.05322,  0.06821,  0.02163,  0.36905,  0.74432, -0.55659,  0.86388,  0.33559
226, 79, -0.05391,  0.06796,  0.02337,  0.07,  0.90577,  0.41795,  0.77445,  0.36928
227, 77, -0.052,  0.06738,  0.02432,  0.07622,  0.90725,  0.41363,  0.72157,  0.26848
228, 78, -0.05322,  0.06821,  0.02163,  0.36905,  0.74432, -0.55659,  0.86388,  0.33559
229, 80, -0.05619,  0.06839,  0.02283,  0.08665,  0.90714,  0.41181,  0.80187,  0.48958
230, 79, -0.05391,  0.06796,  0.02337,  0.07,  0.90577,  0.41795,  0.77445,  0.36928
231, 81, -0.05612,  0.06876,  0.02098,  0.16532,  0.79001, -0.59038,  0.89742,  0.48968
232, 80, -0.05619,  0.06839,  0.02283,  0.08665,  0.90714,  0.41181,  0.80187,  0.48958
233, 78, -0.05322,  0.06821,  0.02163,  0.36905,  0.74432, -0.55659,  0.86388,  0.33559
234, 45, -0.05856,  0.0686,  0.02295,  0.12373,  0.91364,  0.38724,  0.79255,  0.61269
235, 80, -0.05619,  0.06839,  0.02283,  0.08665,  0.90714,  0.41181,  0.80187,  0.48958
236, 81, -0.05612,  0.06876,  0.02098,  0.16532,  0.79001, -0.59038,  0.89742,  0.48968
237, 45, -0.05856,  0.0686,  0.02295,  0.12373,  0.91364,  0.38724,  0.79255,  0.61269
238, 81, -0.05612,  0.06876,  0.02098,  0.16532,  0.79001, -0.59038,  0.89742,  0.48968
239, 42, -0.05912,  0.06903,  0.02108, -0.07283,  0.82927, -0.55409,  0.88743,  0.64538
240, 68, -0.04995,  0.0645,  0.03098,  0.09855,  0.93294,  0.34627,  0.35325,  0.15156
241, 70, -0.04952,  0.06519,  0.02899,  0.07849,  0.9316,  0.3549,  0.46114,  0.13304
242, 82, -0.05172,  0.065,  0.02857, -0.00413,  0.94041,  0.34002,  0.47457,  0.24454
243, 82, -0.05172,  0.065,  0.02857, -0.00413,  0.94041,  0.34002,  0.47457,  0.24454
244, 70, -0.04952,  0.06519,  0.02899,  0.07849,  0.9316,  0.3549,  0.46114,  0.13304
245, 72, -0.04975,  0.06593,  0.02717,  0.07294,  0.92285,  0.37819,  0.56105,  0.14852
246, 72, -0.04975,  0.06593,  0.02717,  0.07294,  0.92285,  0.37819,  0.56105,  0.14852
247, 83, -0.05215,  0.06577,  0.02673, -0.05579,  0.89429,  0.444,  0.57413,  0.27134
248, 82, -0.05172,  0.065,  0.02857, -0.00413,  0.94041,  0.34002,  0.47457,  0.24454
249, 72, -0.04975,  0.06593,  0.02717,  0.07294,  0.92285,  0.37819,  0.56105,  0.14852
250, 74, -0.0506,  0.06668,  0.02558,  0.07796,  0.9127,  0.40113,  0.6495,  0.19483
251, 83, -0.05215,  0.06577,  0.02673, -0.05579,  0.89429,  0.444,  0.57413,  0.27134
252, 83, -0.05215,  0.06577,  0.02673, -0.05579,  0.89429,  0.444,  0.57413,  0.27134
253, 74, -0.0506,  0.06668,  0.02558,  0.07796,  0.9127,  0.40113,  0.6495,  0.19483
254, 77, -0.052,  0.06738,  0.02432,  0.07622,  0.90725,  0.41363,  0.72157,  0.26848
255, 77, -0.052,  0.06738,  0.02432,  0.07622,  0.90725,  0.41363,  0.72157,  0.26848
256, 84, -0.05342,  0.06652,  0.02528,  0.02885,  0.88862,  0.45774,  0.65479,  0.33793
257, 83, -0.05215,  0.06577,  0.02673, -0.05579,  0.89429,  0.444,  0.57413,  0.27134
258, 84, -0.05342,  0.06652,  0.02528,  0.02885,  0.88862,  0.45774,  0.65479,  0.33793
259, 77, -0.052,  0.06738,  0.02432,  0.07622,  0.90725,  0.41363,  0.72157,  0.26848
260, 79, -0.05391,  0.06796,  0.02337,  0.07,  0.90577,  0.41795,  0.77445,  0.36928
261, 79, -0.05391,  0.06796,  0.02337,  0.07,  0.90577,  0.41795,  0.77445,  0.36928
262, 85, -0.05476,  0.06695,  0.02463,  0.04124,  0.8482,  0.52806,  0.68965,  0.40823
263, 84, -0.05342,  0.06652,  0.02528,  0.02885,  0.88862,  0.45774,  0.65479,  0.33793
264, 85, -0.05476,  0.06695,  0.02463,  0.04124,  0.8482,  0.52806,  0.68965,  0.40823
265, 79, -0.05391,  0.06796,  0.02337,  0.07,  0.90577,  0.41795,  0.77445,  0.36928
266, 80, -0.05619,  0.06839,  0.02283,  0.08665,  0.90714,  0.41181,  0.80187,  0.48958
267, 80, -0.05619,  0.06839,  0.02283,  0.08665,  0.90714,  0.41181,  0.80187,  0.48958
268, 86, -0.05634,  0.06726,  0.02433,  0.10598,  0.84566,  0.5231,  0.70585,  0.49008
269, 85, -0.05476,  0.06695,  0.02463,  0.04124,  0.8482,  0.52806,  0.68965,  0.40823
270, 87, -0.05795,  0.06742,  0.02451,  0.17381,  0.86682,  0.46734,  0.69595,  0.57333
271, 80, -0.05619,  0.06839,  0.02283,  0.08665,  0.90714,  0.41181,  0.80187,  0.48958
272, 45, -0.05856,  0.0686,  0.02295,  0.12373,  0.91364,  0.38724,  0.79255,  0.61269
273, 87, -0.05795,  0.06742,  0.02451,  0.17381,  0.86682,  0.46734,  0.69595,  0.57333
274, 86, -0.05634,  0.06726,  0.02433,  0.10598,  0.84566,  0.5231,  0.70585,  0.49008
275, 80, -0.05619,  0.06839,  0.02283,  0.08665,  0.90714,  0.41181,  0.80187,  0.48958
276, 88, -0.05943,  0.06742,  0.02519,  0.21588,  0.8981,  0.38315,  0.66008,  0.6485
277, 87, -0.05795,  0.06742,  0.02451,  0.17381,  0.86682,  0.46734,  0.69595,  0.57333
278, 45, -0.05856,  0.0686,  0.02295,  0.12373,  0.91364,  0.38724,  0.79255,  0.61269
279, 45, -0.05856,  0.0686,  0.02295,  0.12373,  0.91364,  0.38724,  0.79255,  0.61269
280, 44, -0.06069,  0.06856,  0.02386,  0.14597,  0.92416,  0.35301,  0.74198,  0.72066
281, 88, -0.05943,  0.06742,  0.02519,  0.21588,  0.8981,  0.38315,  0.66008,  0.6485
282, 88, -0.05943,  0.06742,  0.02519,  0.21588,  0.8981,  0.38315,  0.66008,  0.6485
283, 44, -0.06069,  0.06856,  0.02386,  0.14597,  0.92416,  0.35301,  0.74198,  0.72066
284, 47, -0.06242,  0.06828,  0.02539,  0.13916,  0.93769,  0.31838,  0.65895,  0.80605
285, 47, -0.06242,  0.06828,  0.02539,  0.13916,  0.93769,  0.31838,  0.65895,  0.80605
286, 89, -0.061,  0.06708,  0.02703,  0.21902,  0.91861,  0.32891,  0.56334,  0.72598
287, 88, -0.05943,  0.06742,  0.02519,  0.21588,  0.8981,  0.38315,  0.66008,  0.6485
288, 47, -0.06242,  0.06828,  0.02539,  0.13916,  0.93769,  0.31838,  0.65895,  0.80605
289, 49, -0.06353,  0.06777,  0.02742,  0.13905,  0.94571,  0.29377,  0.55097,  0.86009
290, 89, -0.061,  0.06708,  0.02703,  0.21902,  0.91861,  0.32891,  0.56334,  0.72598
291, 49, -0.06353,  0.06777,  0.02742,  0.13905,  0.94571,  0.29377,  0.55097,  0.86009
292, 90, -0.06162,  0.06647,  0.02935,  0.21276,  0.93242,  0.29211,  0.44268,  0.75539
293, 89, -0.061,  0.06708,  0.02703,  0.21902,  0.91861,  0.32891,  0.56334,  0.72598
294, 51, -0.06386,  0.06711,  0.02984,  0.14142,  0.94784,  0.28565,  0.42395,  0.87417
295, 90, -0.06162,  0.06647,  0.02935,  0.21276,  0.93242,  0.29211,  0.44268,  0.75539
296, 49, -0.06353,  0.06777,  0.02742,  0.13905,  0.94571,  0.29377,  0.55097,  0.86009
297, 51, -0.06386,  0.06711,  0.02984,  0.14142,  0.94784,  0.28565,  0.42395,  0.87417
298, 91, -0.06105,  0.06568,  0.03151,  0.23437,  0.93344,  0.27159,  0.32957,  0.72066
299, 90, -0.06162,  0.06647,  0.02935,  0.21276,  0.93242,  0.29211,  0.44268,  0.75539
300, 53, -0.06348,  0.06635,  0.03212,  0.14965,  0.93954,  0.30801,  0.30424,  0.8492
301, 91, -0.06105,  0.06568,  0.03151,  0.23437,  0.93344,  0.27159,  0.32957,  0.72066
302, 51, -0.06386,  0.06711,  0.02984,  0.14142,  0.94784,  0.28565,  0.42395,  0.87417
303, 53, -0.06348,  0.06635,  0.03212,  0.14965,  0.93954,  0.30801,  0.30424,  0.8492
304, 55, -0.06257,  0.06559,  0.03385,  0.15519,  0.92943,  0.33477,  0.21214,  0.79796
305, 91, -0.06105,  0.06568,  0.03151,  0.23437,  0.93344,  0.27159,  0.32957,  0.72066
306, 92, -0.05969,  0.06492,  0.03306,  0.23128,  0.93941,  0.253,  0.2458,  0.64802
307, 91, -0.06105,  0.06568,  0.03151,  0.23437,  0.93344,  0.27159,  0.32957,  0.72066
308, 55, -0.06257,  0.06559,  0.03385,  0.15519,  0.92943,  0.33477,  0.21214,  0.79796
309, 55, -0.06257,  0.06559,  0.03385,  0.15519,  0.92943,  0.33477,  0.21214,  0.79796
310, 57, -0.06111,  0.06488,  0.03509,  0.15534,  0.92323,  0.35143,  0.14374,  0.72115
311, 92, -0.05969,  0.06492,  0.03306,  0.23128,  0.93941,  0.253,  0.2458,  0.64802
312, 92, -0.05969,  0.06492,  0.03306,  0.23128,  0.93941,  0.253,  0.2458,  0.64802
313, 57, -0.06111,  0.06488,  0.03509,  0.15534,  0.92323,  0.35143,  0.14374,  0.72115
314, 59, -0.05914,  0.06427,  0.0358,  0.16846,  0.91852,  0.3577,  0.10191,  0.61957
315, 59, -0.05914,  0.06427,  0.0358,  0.16846,  0.91852,  0.3577,  0.10191,  0.61957
316, 93, -0.05836,  0.06447,  0.03357,  0.21632,  0.95027,  0.22404,  0.21575,  0.57833
317, 92, -0.05969,  0.06492,  0.03306,  0.23128,  0.93941,  0.253,  0.2458,  0.64802
318, 93, -0.05836,  0.06447,  0.03357,  0.21632,  0.95027,  0.22404,  0.21575,  0.57833
319, 59, -0.05914,  0.06427,  0.0358,  0.16846,  0.91852,  0.3577,  0.10191,  0.61957
320, 61, -0.05691,  0.06378,  0.03594,  0.18005,  0.9162,  0.358,  0.09004,  0.50337
321, 61, -0.05691,  0.06378,  0.03594,  0.18005,  0.9162,  0.358,  0.09004,  0.50337
322, 94, -0.05685,  0.06413,  0.03366,  0.1834,  0.96081,  0.20787,  0.20779,  0.49909
323, 93, -0.05836,  0.06447,  0.03357,  0.21632,  0.95027,  0.22404,  0.21575,  0.57833
324, 94, -0.05685,  0.06413,  0.03366,  0.1834,  0.96081,  0.20787,  0.20779,  0.49909
325, 61, -0.05691,  0.06378,  0.03594,  0.18005,  0.9162,  0.358,  0.09004,  0.50337
326, 63, -0.05465,  0.06355,  0.03537,  0.17557,  0.91896,  0.35312,  0.11665,  0.38593
327, 63, -0.05465,  0.06355,  0.03537,  0.17557,  0.91896,  0.35312,  0.11665,  0.38593
328, 95, -0.0553,  0.06394,  0.03329,  0.14024,  0.9662,  0.21629,  0.22452,  0.41923
329, 94, -0.05685,  0.06413,  0.03366,  0.1834,  0.96081,  0.20787,  0.20779,  0.49909
330, 95, -0.0553,  0.06394,  0.03329,  0.14024,  0.9662,  0.21629,  0.22452,  0.41923
331, 63, -0.05465,  0.06355,  0.03537,  0.17557,  0.91896,  0.35312,  0.11665,  0.38593
332, 64, -0.05261,  0.06362,  0.03423,  0.14686,  0.92609,  0.34756,  0.17593,  0.28158
333, 64, -0.05261,  0.06362,  0.03423,  0.14686,  0.92609,  0.34756,  0.17593,  0.28158
334, 96, -0.0539,  0.06397,  0.03246,  0.11172,  0.95658,  0.26919,  0.26648,  0.34786
335, 95, -0.0553,  0.06394,  0.03329,  0.14024,  0.9662,  0.21629,  0.22452,  0.41923
336, 96, -0.0539,  0.06397,  0.03246,  0.11172,  0.95658,  0.26919,  0.26648,  0.34786
337, 64, -0.05261,  0.06362,  0.03423,  0.14686,  0.92609,  0.34756,  0.17593,  0.28158
338, 66, -0.051,  0.06394,  0.03281,  0.10885,  0.93358,  0.34145,  0.25376,  0.20201
339, 66, -0.051,  0.06394,  0.03281,  0.10885,  0.93358,  0.34145,  0.25376,  0.20201
340, 97, -0.0524,  0.06436,  0.03063, -0.00125,  0.96374,  0.26685,  0.3644,  0.27583
341, 96, -0.0539,  0.06397,  0.03246,  0.11172,  0.95658,  0.26919,  0.26648,  0.34786
342, 66, -0.051,  0.06394,  0.03281,  0.10885,  0.93358,  0.34145,  0.25376,  0.20201
343, 68, -0.04995,  0.0645,  0.03098,  0.09855,  0.93294,  0.34627,  0.35325,  0.15156
344, 97, -0.0524,  0.06436,  0.03063, -0.00125,  0.96374,  0.26685,  0.3644,  0.27583
345, 82, -0.05172,  0.065,  0.02857, -0.00413,  0.94041,  0.34002,  0.47457,  0.24454
346, 97, -0.0524,  0.06436,  0.03063, -0.00125,  0.96374,  0.26685,  0.3644,  0.27583
347, 68, -0.04995,  0.0645,  0.03098,  0.09855,  0.93294,  0.34627,  0.35325,  0.15156
348, 93, -0.05836,  0.06447,  0.03357,  0.21632,  0.95027,  0.22404,  0.21575,  0.57833
349, 98, -0.05679,  0.06444,  0.03278,  0.18608,  0.9252,  0.33071,  0.25481,  0.49738
350, 92, -0.05969,  0.06492,  0.03306,  0.23128,  0.93941,  0.253,  0.2458,  0.64802
351, 98, -0.05679,  0.06444,  0.03278,  0.18608,  0.9252,  0.33071,  0.25481,  0.49738
352, 94, -0.05685,  0.06413,  0.03366,  0.1834,  0.96081,  0.20787,  0.20779,  0.49909
353, 95, -0.0553,  0.06394,  0.03329,  0.14024,  0.9662,  0.21629,  0.22452,  0.41923
354, 95, -0.0553,  0.06394,  0.03329,  0.14024,  0.9662,  0.21629,  0.22452,  0.41923
355, 96, -0.0539,  0.06397,  0.03246,  0.11172,  0.95658,  0.26919,  0.26648,  0.34786
356, 98, -0.05679,  0.06444,  0.03278,  0.18608,  0.9252,  0.33071,  0.25481,  0.49738
357, 98, -0.05679,  0.06444,  0.03278,  0.18608,  0.9252,  0.33071,  0.25481,  0.49738
358, 93, -0.05836,  0.06447,  0.03357,  0.21632,  0.95027,  0.22404,  0.21575,  0.57833
359, 94, -0.05685,  0.06413,  0.03366,  0.1834,  0.96081,  0.20787,  0.20779,  0.49909
360, 92, -0.05969,  0.06492,  0.03306,  0.23128,  0.93941,  0.253,  0.2458,  0.64802
361, 98, -0.05679,  0.06444,  0.03278,  0.18608,  0.9252,  0.33071,  0.25481,  0.49738
362, 99, -0.05665,  0.06509,  0.03086,  0.17519,  0.93104,  0.32012,  0.3578,  0.49355
363, 99, -0.05665,  0.06509,  0.03086,  0.17519,  0.93104,  0.32012,  0.3578,  0.49355
364, 98, -0.05679,  0.06444,  0.03278,  0.18608,  0.9252,  0.33071,  0.25481,  0.49738
365, 96, -0.0539,  0.06397,  0.03246,  0.11172,  0.95658,  0.26919,  0.26648,  0.34786
366, 99, -0.05665,  0.06509,  0.03086,  0.17519,  0.93104,  0.32012,  0.3578,  0.49355
367, 91, -0.06105,  0.06568,  0.03151,  0.23437,  0.93344,  0.27159,  0.32957,  0.72066
368, 92, -0.05969,  0.06492,  0.03306,  0.23128,  0.93941,  0.253,  0.2458,  0.64802
369, 96, -0.0539,  0.06397,  0.03246,  0.11172,  0.95658,  0.26919,  0.26648,  0.34786
370, 100, -0.05379,  0.06461,  0.03065,  0.17601,  0.9255,  0.33536,  0.36466,  0.3456
371, 99, -0.05665,  0.06509,  0.03086,  0.17519,  0.93104,  0.32012,  0.3578,  0.49355
372, 97, -0.0524,  0.06436,  0.03063, -0.00125,  0.96374,  0.26685,  0.3644,  0.27583
373, 100, -0.05379,  0.06461,  0.03065,  0.17601,  0.9255,  0.33536,  0.36466,  0.3456
374, 96, -0.0539,  0.06397,  0.03246,  0.11172,  0.95658,  0.26919,  0.26648,  0.34786
375, 101, -0.05654,  0.06573,  0.02889,  0.16428,  0.93509,  0.31403,  0.463,  0.49091
376, 99, -0.05665,  0.06509,  0.03086,  0.17519,  0.93104,  0.32012,  0.3578,  0.49355
377, 100, -0.05379,  0.06461,  0.03065,  0.17601,  0.9255,  0.33536,  0.36466,  0.3456
378, 100, -0.05379,  0.06461,  0.03065,  0.17601,  0.9255,  0.33536,  0.36466,  0.3456
379, 102, -0.05365,  0.06531,  0.02864,  0.16241,  0.92812,  0.33498,  0.47332,  0.34248
380, 101, -0.05654,  0.06573,  0.02889,  0.16428,  0.93509,  0.31403,  0.463,  0.49091
381, 102, -0.05365,  0.06531,  0.02864,  0.16241,  0.92812,  0.33498,  0.47332,  0.34248
382, 100, -0.05379,  0.06461,  0.03065,  0.17601,  0.9255,  0.33536,  0.36466,  0.3456
383, 97, -0.0524,  0.06436,  0.03063, -0.00125,  0.96374,  0.26685,  0.3644,  0.27583
384, 97, -0.0524,  0.06436,  0.03063, -0.00125,  0.96374,  0.26685,  0.3644,  0.27583
385, 82, -0.05172,  0.065,  0.02857, -0.00413,  0.94041,  0.34002,  0.47457,  0.24454
386, 102, -0.05365,  0.06531,  0.02864,  0.16241,  0.92812,  0.33498,  0.47332,  0.34248
387, 103, -0.05644,  0.06643,  0.02675,  0.14973,  0.93658,  0.31685,  0.57727,  0.49019
388, 101, -0.05654,  0.06573,  0.02889,  0.16428,  0.93509,  0.31403,  0.463,  0.49091
389, 102, -0.05365,  0.06531,  0.02864,  0.16241,  0.92812,  0.33498,  0.47332,  0.34248
390, 101, -0.05654,  0.06573,  0.02889,  0.16428,  0.93509,  0.31403,  0.463,  0.49091
391, 103, -0.05644,  0.06643,  0.02675,  0.14973,  0.93658,  0.31685,  0.57727,  0.49019
392, 89, -0.061,  0.06708,  0.02703,  0.21902,  0.91861,  0.32891,  0.56334,  0.72598
393, 89, -0.061,  0.06708,  0.02703,  0.21902,  0.91861,  0.32891,  0.56334,  0.72598
394, 90, -0.06162,  0.06647,  0.02935,  0.21276,  0.93242,  0.29211,  0.44268,  0.75539
395, 101, -0.05654,  0.06573,  0.02889,  0.16428,  0.93509,  0.31403,  0.463,  0.49091
396, 90, -0.06162,  0.06647,  0.02935,  0.21276,  0.93242,  0.29211,  0.44268,  0.75539
397, 91, -0.06105,  0.06568,  0.03151,  0.23437,  0.93344,  0.27159,  0.32957,  0.72066
398, 99, -0.05665,  0.06509,  0.03086,  0.17519,  0.93104,  0.32012,  0.3578,  0.49355
399, 99, -0.05665,  0.06509,  0.03086,  0.17519,  0.93104,  0.32012,  0.3578,  0.49355
400, 101, -0.05654,  0.06573,  0.02889,  0.16428,  0.93509,  0.31403,  0.463,  0.49091
401, 90, -0.06162,  0.06647,  0.02935,  0.21276,  0.93242,  0.29211,  0.44268,  0.75539
402, 102, -0.05365,  0.06531,  0.02864,  0.16241,  0.92812,  0.33498,  0.47332,  0.34248
403, 104, -0.05351,  0.06599,  0.0267,  0.14379,  0.92704,  0.34629,  0.57808,  0.33915
404, 103, -0.05644,  0.06643,  0.02675,  0.14973,  0.93658,  0.31685,  0.57727,  0.49019
405, 105, -0.05638,  0.06697,  0.02516,  0.13267,  0.93633,  0.32511,  0.66186,  0.49047
406, 103, -0.05644,  0.06643,  0.02675,  0.14973,  0.93658,  0.31685,  0.57727,  0.49019
407, 104, -0.05351,  0.06599,  0.0267,  0.14379,  0.92704,  0.34629,  0.57808,  0.33915
408, 104, -0.05351,  0.06599,  0.0267,  0.14379,  0.92704,  0.34629,  0.57808,  0.33915
409, 84, -0.05342,  0.06652,  0.02528,  0.02885,  0.88862,  0.45774,  0.65479,  0.33793
410, 105, -0.05638,  0.06697,  0.02516,  0.13267,  0.93633,  0.32511,  0.66186,  0.49047
411, 103, -0.05644,  0.06643,  0.02675,  0.14973,  0.93658,  0.31685,  0.57727,  0.49019
412, 105, -0.05638,  0.06697,  0.02516,  0.13267,  0.93633,  0.32511,  0.66186,  0.49047
413, 88, -0.05943,  0.06742,  0.02519,  0.21588,  0.8981,  0.38315,  0.66008,  0.6485
414, 88, -0.05943,  0.06742,  0.02519,  0.21588,  0.8981,  0.38315,  0.66008,  0.6485
415, 89, -0.061,  0.06708,  0.02703,  0.21902,  0.91861,  0.32891,  0.56334,  0.72598
416, 103, -0.05644,  0.06643,  0.02675,  0.14973,  0.93658,  0.31685,  0.57727,  0.49019
417, 105, -0.05638,  0.06697,  0.02516,  0.13267,  0.93633,  0.32511,  0.66186,  0.49047
418, 84, -0.05342,  0.06652,  0.02528,  0.02885,  0.88862,  0.45774,  0.65479,  0.33793
419, 85, -0.05476,  0.06695,  0.02463,  0.04124,  0.8482,  0.52806,  0.68965,  0.40823
420, 105, -0.05638,  0.06697,  0.02516,  0.13267,  0.93633,  0.32511,  0.66186,  0.49047
421, 85, -0.05476,  0.06695,  0.02463,  0.04124,  0.8482,  0.52806,  0.68965,  0.40823
422, 86, -0.05634,  0.06726,  0.02433,  0.10598,  0.84566,  0.5231,  0.70585,  0.49008
423, 88, -0.05943,  0.06742,  0.02519,  0.21588,  0.8981,  0.38315,  0.66008,  0.6485
424, 105, -0.05638,  0.06697,  0.02516,  0.13267,  0.93633,  0.32511,  0.66186,  0.49047
425, 87, -0.05795,  0.06742,  0.02451,  0.17381,  0.86682,  0.46734,  0.69595,  0.57333
426, 87, -0.05795,  0.06742,  0.02451,  0.17381,  0.86682,  0.46734,  0.69595,  0.57333
427, 105, -0.05638,  0.06697,  0.02516,  0.13267,  0.93633,  0.32511,  0.66186,  0.49047
428, 86, -0.05634,  0.06726,  0.02433,  0.10598,  0.84566,  0.5231,  0.70585,  0.49008
429, 102, -0.05365,  0.06531,  0.02864,  0.16241,  0.92812,  0.33498,  0.47332,  0.34248
430, 83, -0.05215,  0.06577,  0.02673, -0.05579,  0.89429,  0.444,  0.57413,  0.27134
431, 104, -0.05351,  0.06599,  0.0267,  0.14379,  0.92704,  0.34629,  0.57808,  0.33915
432, 83, -0.05215,  0.06577,  0.02673, -0.05579,  0.89429,  0.444,  0.57413,  0.27134
433, 84, -0.05342,  0.06652,  0.02528,  0.02885,  0.88862,  0.45774,  0.65479,  0.33793
434, 104, -0.05351,  0.06599,  0.0267,  0.14379,  0.92704,  0.34629,  0.57808,  0.33915
435, 102, -0.05365,  0.06531,  0.02864,  0.16241,  0.92812,  0.33498,  0.47332,  0.34248
436, 82, -0.05172,  0.065,  0.02857, -0.00413,  0.94041,  0.34002,  0.47457,  0.24454
437, 83, -0.05215,  0.06577,  0.02673, -0.05579,  0.89429,  0.444,  0.57413,  0.27134
438, 106, -0.06133,  0.06748, -0.02224, -0.46569, -0.24895,  0.84921,  0.80996,  0.02553
439, 107, -0.05894,  0.06752, -0.02138, -0.18776, -0.21259,  0.95893,  0.80479,  0.02553
440, 108, -0.05912,  0.06903, -0.02108, -0.07283,  0.82927,  0.55409,  0.80479,  0.0286
441, 108, -0.05912,  0.06903, -0.02108, -0.07283,  0.82927,  0.55409,  0.80479,  0.0286
442, 109, -0.06182,  0.06898, -0.02206, -0.31747,  0.84123,  0.43765,  0.80996,  0.0286
443, 106, -0.06133,  0.06748, -0.02224, -0.46569, -0.24895,  0.84921,  0.80996,  0.02553
444, 110, -0.06328,  0.06715, -0.02386, -0.67076, -0.3543,  0.65157,  0.81508,  0.02553
445, 106, -0.06133,  0.06748, -0.02224, -0.46569, -0.24895,  0.84921,  0.80996,  0.02553
446, 109, -0.06182,  0.06898, -0.02206, -0.31747,  0.84123,  0.43765,  0.80996,  0.0286
447, 109, -0.06182,  0.06898, -0.02206, -0.31747,  0.84123,  0.43765,  0.80996,  0.0286
448, 111, -0.064,  0.06862, -0.02381, -0.54319,  0.79285,  0.27629,  0.81508,  0.0286
449, 110, -0.06328,  0.06715, -0.02386, -0.67076, -0.3543,  0.65157,  0.81508,  0.02553
450, 110, -0.06328,  0.06715, -0.02386, -0.67076, -0.3543,  0.65157,  0.81508,  0.02553
451, 111, -0.064,  0.06862, -0.02381, -0.54319,  0.79285,  0.27629,  0.81508,  0.0286
452, 112, -0.06543,  0.06797, -0.02626, -0.71896,  0.69286,  0.05519,  0.82039,  0.0286
453, 110, -0.06328,  0.06715, -0.02386, -0.67076, -0.3543,  0.65157,  0.81508,  0.02553
454, 112, -0.06543,  0.06797, -0.02626, -0.71896,  0.69286,  0.05519,  0.82039,  0.0286
455, 113, -0.06457,  0.06659, -0.02606, -0.80373, -0.44562,  0.39427,  0.82039,  0.02553
456, 114, -0.06497,  0.06583, -0.0288, -0.83292, -0.53068,  0.15693,  0.82622,  0.02553
457, 113, -0.06457,  0.06659, -0.02606, -0.80373, -0.44562,  0.39427,  0.82039,  0.02553
458, 112, -0.06543,  0.06797, -0.02626, -0.71896,  0.69286,  0.05519,  0.82039,  0.0286
459, 112, -0.06543,  0.06797, -0.02626, -0.71896,  0.69286,  0.05519,  0.82039,  0.0286
460, 115, -0.06588,  0.0671, -0.02934, -0.80843,  0.56341, -0.1703,  0.82622,  0.0286
461, 114, -0.06497,  0.06583, -0.0288, -0.83292, -0.53068,  0.15693,  0.82622,  0.02553
462, 116, -0.05612,  0.06876, -0.02098,  0.16532,  0.79001,  0.59038,  0.79937,  0.0286
463, 108, -0.05912,  0.06903, -0.02108, -0.07283,  0.82927,  0.55409,  0.80479,  0.0286
464, 107, -0.05894,  0.06752, -0.02138, -0.18776, -0.21259,  0.95893,  0.80479,  0.02553
465, 117, -0.05894,  0.06752, -0.02138, -0.18776, -0.21259,  0.95893,  0.80479,  0.02553
466, 118, -0.05632,  0.06728, -0.0213,  0.06776, -0.22355,  0.97233,  0.79937,  0.02553
467, 116, -0.05612,  0.06876, -0.02098,  0.16532,  0.79001,  0.59038,  0.79937,  0.0286
468, 119, -0.06456,  0.06497, -0.03145, -0.78765, -0.61597, -0.01372,  0.73043,  0.02553
469, 120, -0.06497,  0.06583, -0.0288, -0.83292, -0.53068,  0.15693,  0.72474,  0.02553
470, 121, -0.06588,  0.0671, -0.02934, -0.80843,  0.56341, -0.1703,  0.72474,  0.0286
471, 121, -0.06588,  0.0671, -0.02934, -0.80843,  0.56341, -0.1703,  0.72474,  0.0286
472, 122, -0.06545,  0.06613, -0.0323, -0.80597,  0.42956, -0.4073,  0.73043,  0.0286
473, 119, -0.06456,  0.06497, -0.03145, -0.78765, -0.61597, -0.01372,  0.73043,  0.02553
474, 123, -0.06354,  0.0641, -0.03345, -0.68257, -0.70536, -0.1912,  0.7353,  0.02553
475, 119, -0.06456,  0.06497, -0.03145, -0.78765, -0.61597, -0.01372,  0.73043,  0.02553
476, 122, -0.06545,  0.06613, -0.0323, -0.80597,  0.42956, -0.4073,  0.73043,  0.0286
477, 122, -0.06545,  0.06613, -0.0323, -0.80597,  0.42956, -0.4073,  0.73043,  0.0286
478, 124, -0.06431,  0.06514, -0.03453, -0.68403,  0.26125, -0.68107,  0.7353,  0.0286
479, 123, -0.06354,  0.0641, -0.03345, -0.68257, -0.70536, -0.1912,  0.7353,  0.02553
480, 125, -0.06189,  0.06331, -0.03483, -0.50174, -0.78137, -0.37109,  0.73996,  0.02553
481, 123, -0.06354,  0.0641, -0.03345, -0.68257, -0.70536, -0.1912,  0.7353,  0.02553
482, 124, -0.06431,  0.06514, -0.03453, -0.68403,  0.26125, -0.68107,  0.7353,  0.0286
483, 124, -0.06431,  0.06514, -0.03453, -0.68403,  0.26125, -0.68107,  0.7353,  0.0286
484, 126, -0.06243,  0.06423, -0.03606, -0.44429,  0.07354, -0.89286,  0.73996,  0.0286
485, 125, -0.06189,  0.06331, -0.03483, -0.50174, -0.78137, -0.37109,  0.73996,  0.02553
486, 127, -0.05967,  0.06262, -0.03556, -0.29913, -0.82378, -0.48157,  0.74492,  0.02553
487, 125, -0.06189,  0.06331, -0.03483, -0.50174, -0.78137, -0.37109,  0.73996,  0.02553
488, 126, -0.06243,  0.06423, -0.03606, -0.44429,  0.07354, -0.89286,  0.73996,  0.0286
489, 126, -0.06243,  0.06423, -0.03606, -0.44429,  0.07354, -0.89286,  0.73996,  0.0286
490, 128, -0.0599,  0.06347, -0.03686, -0.19449, -0.08226, -0.97745,  0.74492,  0.0286
491, 127, -0.05967,  0.06262, -0.03556, -0.29913, -0.82378, -0.48157,  0.74492,  0.02553
492, 129, -0.05713,  0.06208, -0.03569, -0.08055, -0.86037, -0.50327,  0.75023,  0.02553
493, 127, -0.05967,  0.06262, -0.03556, -0.29913, -0.82378, -0.48157,  0.74492,  0.02553
494, 128, -0.0599,  0.06347, -0.03686, -0.19449, -0.08226, -0.97745,  0.74492,  0.0286
495, 128, -0.0599,  0.06347, -0.03686, -0.19449, -0.08226, -0.97745,  0.74492,  0.0286
496, 130, -0.05702,  0.06285, -0.03702,  0.06579, -0.15674, -0.98545,  0.75023,  0.0286
497, 129, -0.05713,  0.06208, -0.03569, -0.08055, -0.86037, -0.50327,  0.75023,  0.02553
498, 131, -0.05411,  0.06255, -0.03633,  0.32996, -0.17299, -0.92801,  0.75565,  0.0286
499, 129, -0.05713,  0.06208, -0.03569, -0.08055, -0.86037, -0.50327,  0.75023,  0.02553
500, 130, -0.05702,  0.06285, -0.03702,  0.06579, -0.15674, -0.98545,  0.75023,  0.0286
501, 129, -0.05713,  0.06208, -0.03569, -0.08055, -0.86037, -0.50327,  0.75023,  0.02553
502, 131, -0.05411,  0.06255, -0.03633,  0.32996, -0.17299, -0.92801,  0.75565,  0.0286
503, 132, -0.05455,  0.06183, -0.03501,  0.13763, -0.88707, -0.44065,  0.75565,  0.02553
504, 133, -0.05152,  0.06263, -0.03502,  0.55505, -0.09339, -0.82655,  0.76091,  0.0286
505, 132, -0.05455,  0.06183, -0.03501,  0.13763, -0.88707, -0.44065,  0.75565,  0.02553
506, 131, -0.05411,  0.06255, -0.03633,  0.32996, -0.17299, -0.92801,  0.75565,  0.0286
507, 133, -0.05152,  0.06263, -0.03502,  0.55505, -0.09339, -0.82655,  0.76091,  0.0286
508, 134, -0.05226,  0.0619, -0.0338,  0.32012, -0.88631, -0.33461,  0.76091,  0.02553
509, 132, -0.05455,  0.06183, -0.03501,  0.13763, -0.88707, -0.44065,  0.75565,  0.02553
510, 135, -0.04949,  0.06305, -0.03328,  0.76299,  0.03001, -0.64572,  0.76577,  0.0286
511, 134, -0.05226,  0.0619, -0.0338,  0.32012, -0.88631, -0.33461,  0.76091,  0.02553
512, 133, -0.05152,  0.06263, -0.03502,  0.55505, -0.09339, -0.82655,  0.76091,  0.0286
513, 135, -0.04949,  0.06305, -0.03328,  0.76299,  0.03001, -0.64572,  0.76577,  0.0286
514, 136, -0.05049,  0.06226, -0.03228,  0.49753, -0.84991, -0.17355,  0.76577,  0.02553
515, 134, -0.05226,  0.0619, -0.0338,  0.32012, -0.88631, -0.33461,  0.76091,  0.02553
516, 136, -0.05049,  0.06226, -0.03228,  0.49753, -0.84991, -0.17355,  0.76577,  0.02553
517, 135, -0.04949,  0.06305, -0.03328,  0.76299,  0.03001, -0.64572,  0.76577,  0.0286
518, 137, -0.04815,  0.06378, -0.03098,  0.89291,  0.16852, -0.4175,  0.77072,  0.0286
519, 137, -0.04815,  0.06378, -0.03098,  0.89291,  0.16852, -0.4175,  0.77072,  0.0286
520, 138, -0.04931,  0.0629, -0.03025,  0.61188, -0.79059,  0.02376,  0.77072,  0.02553
521, 136, -0.05049,  0.06226, -0.03228,  0.49753, -0.84991, -0.17355,  0.76577,  0.02553
522, 138, -0.04931,  0.0629, -0.03025,  0.61188, -0.79059,  0.02376,  0.77072,  0.02553
523, 137, -0.04815,  0.06378, -0.03098,  0.89291,  0.16852, -0.4175,  0.77072,  0.0286
524, 139, -0.0476,  0.06465, -0.02858,  0.93151,  0.3187, -0.17527,  0.77548,  0.0286
525, 139, -0.0476,  0.06465, -0.02858,  0.93151,  0.3187, -0.17527,  0.77548,  0.0286
526, 140, -0.04883,  0.06367, -0.02807,  0.66213, -0.71096,  0.23688,  0.77548,  0.02553
527, 138, -0.04931,  0.0629, -0.03025,  0.61188, -0.79059,  0.02376,  0.77072,  0.02553
528, 141, -0.04909,  0.0645, -0.02609,  0.64911, -0.59314,  0.47627,  0.77989,  0.02553
529, 140, -0.04883,  0.06367, -0.02807,  0.66213, -0.71096,  0.23688,  0.77548,  0.02553
530, 139, -0.0476,  0.06465, -0.02858,  0.93151,  0.3187, -0.17527,  0.77548,  0.0286
531, 139, -0.0476,  0.06465, -0.02858,  0.93151,  0.3187, -0.17527,  0.77548,  0.0286
532, 142, -0.04789,  0.06559, -0.02635,  0.88053,  0.46672,  0.08271,  0.77989,  0.0286
533, 141, -0.04909,  0.0645, -0.02609,  0.64911, -0.59314,  0.47627,  0.77989,  0.02553
534, 143, -0.05006,  0.06534, -0.02433,  0.55102, -0.47102,  0.68885,  0.78434,  0.02553
535, 141, -0.04909,  0.0645, -0.02609,  0.64911, -0.59314,  0.47627,  0.77989,  0.02553
536, 142, -0.04789,  0.06559, -0.02635,  0.88053,  0.46672,  0.08271,  0.77989,  0.0286
537, 142, -0.04789,  0.06559, -0.02635,  0.88053,  0.46672,  0.08271,  0.77989,  0.0286
538, 144, -0.049,  0.06656, -0.02434,  0.74939,  0.58897,  0.30255,  0.78434,  0.0286
539, 143, -0.05006,  0.06534, -0.02433,  0.55102, -0.47102,  0.68885,  0.78434,  0.02553
540, 145, -0.05081,  0.06746, -0.02275,  0.56573,  0.6822,  0.46321,  0.78897,  0.0286
541, 146, -0.05006,  0.06534, -0.02433,  0.55102, -0.47102,  0.68885,  0.78434,  0.02553
542, 147, -0.049,  0.06656, -0.02434,  0.74939,  0.58897,  0.30255,  0.78434,  0.0286
543, 148, -0.05081,  0.06746, -0.02275,  0.56573,  0.6822,  0.46321,  0.78897,  0.0286
544, 149, -0.05164,  0.06613, -0.02293,  0.40536, -0.36403,  0.83855,  0.78897,  0.02553
545, 146, -0.05006,  0.06534, -0.02433,  0.55102, -0.47102,  0.68885,  0.78434,  0.02553
546, 150, -0.05322,  0.06821, -0.02163,  0.36905,  0.74432,  0.55659,  0.79394,  0.0286
547, 151, -0.05164,  0.06613, -0.02293,  0.40536, -0.36403,  0.83855,  0.78897,  0.02553
548, 152, -0.05081,  0.06746, -0.02275,  0.56573,  0.6822,  0.46321,  0.78897,  0.0286
549, 153, -0.05322,  0.06821, -0.02163,  0.36905,  0.74432,  0.55659,  0.79394,  0.0286
550, 154, -0.05376,  0.0668, -0.0219,  0.25398, -0.27749,  0.92655,  0.79394,  0.02553
551, 151, -0.05164,  0.06613, -0.02293,  0.40536, -0.36403,  0.83855,  0.78897,  0.02553
552, 155, -0.05612,  0.06876, -0.02098,  0.16532,  0.79001,  0.59038,  0.79937,  0.0286
553, 156, -0.05376,  0.0668, -0.0219,  0.25398, -0.27749,  0.92655,  0.79394,  0.02553
554, 157, -0.05322,  0.06821, -0.02163,  0.36905,  0.74432,  0.55659,  0.79394,  0.0286
555, 158, -0.05612,  0.06876, -0.02098,  0.16532,  0.79001,  0.59038,  0.79937,  0.0286
556, 159, -0.05632,  0.06728, -0.0213,  0.06776, -0.22355,  0.97233,  0.79937,  0.02553
557, 156, -0.05376,  0.0668, -0.0219,  0.25398, -0.27749,  0.92655,  0.79394,  0.02553
558, 160, -0.05912,  0.06903, -0.02108, -0.07283,  0.82927,  0.55409,  0.88743,  0.64538
559, 161, -0.05856,  0.0686, -0.02295,  0.12373,  0.91364, -0.38724,  0.79255,  0.61269
560, 162, -0.06069,  0.06856, -0.02386,  0.14597,  0.92416, -0.35301,  0.74198,  0.72066
561, 161, -0.05856,  0.0686, -0.02295,  0.12373,  0.91364, -0.38724,  0.79255,  0.61269
562, 160, -0.05912,  0.06903, -0.02108, -0.07283,  0.82927,  0.55409,  0.88743,  0.64538
563, 163, -0.05612,  0.06876, -0.02098,  0.16532,  0.79001,  0.59038,  0.89742,  0.48968
564, 163, -0.05612,  0.06876, -0.02098,  0.16532,  0.79001,  0.59038,  0.89742,  0.48968
565, 164, -0.05619,  0.06839, -0.02283,  0.08665,  0.90714, -0.41181,  0.80187,  0.48958
566, 161, -0.05856,  0.0686, -0.02295,  0.12373,  0.91364, -0.38724,  0.79255,  0.61269
567, 164, -0.05619,  0.06839, -0.02283,  0.08665,  0.90714, -0.41181,  0.80187,  0.48958
568, 163, -0.05612,  0.06876, -0.02098,  0.16532,  0.79001,  0.59038,  0.89742,  0.48968
569, 165, -0.05322,  0.06821, -0.02163,  0.36905,  0.74432,  0.55659,  0.86388,  0.33559
570, 165, -0.05322,  0.06821, -0.02163,  0.36905,  0.74432,  0.55659,  0.86388,  0.33559
571, 166, -0.05391,  0.06796, -0.02337,  0.07,  0.90577, -0.41795,  0.77445,  0.36928
572, 164, -0.05619,  0.06839, -0.02283,  0.08665,  0.90714, -0.41181,  0.80187,  0.48958
573, 167, -0.052,  0.06738, -0.02432,  0.07622,  0.90725, -0.41363,  0.72157,  0.26848
574, 166, -0.05391,  0.06796, -0.02337,  0.07,  0.90577, -0.41795,  0.77445,  0.36928
575, 165, -0.05322,  0.06821, -0.02163,  0.36905,  0.74432,  0.55659,  0.86388,  0.33559
576, 165, -0.05322,  0.06821, -0.02163,  0.36905,  0.74432,  0.55659,  0.86388,  0.33559
577, 168, -0.05081,  0.06746, -0.02275,  0.56573,  0.6822,  0.46321,  0.79863,  0.2073
578, 167, -0.052,  0.06738, -0.02432,  0.07622,  0.90725, -0.41363,  0.72157,  0.26848
579, 169, -0.0506,  0.06668, -0.02558,  0.07796,  0.9127, -0.40113,  0.6495,  0.19483
580, 167, -0.052,  0.06738, -0.02432,  0.07622,  0.90725, -0.41363,  0.72157,  0.26848
581, 168, -0.05081,  0.06746, -0.02275,  0.56573,  0.6822,  0.46321,  0.79863,  0.2073
582, 168, -0.05081,  0.06746, -0.02275,  0.56573,  0.6822,  0.46321,  0.79863,  0.2073
583, 170, -0.049,  0.06656, -0.02434,  0.74939,  0.58897,  0.30255,  0.70752,  0.11198
584, 169, -0.0506,  0.06668, -0.02558,  0.07796,  0.9127, -0.40113,  0.6495,  0.19483
585, 171, -0.04789,  0.06559, -0.02635,  0.88053,  0.46672,  0.08271,  0.59595,  0.05292
586, 169, -0.0506,  0.06668, -0.02558,  0.07796,  0.9127, -0.40113,  0.6495,  0.19483
587, 170, -0.049,  0.06656, -0.02434,  0.74939,  0.58897,  0.30255,  0.70752,  0.11198
588, 172, -0.04975,  0.06593, -0.02717,  0.07294,  0.92285, -0.37819,  0.56105,  0.14852
589, 169, -0.0506,  0.06668, -0.02558,  0.07796,  0.9127, -0.40113,  0.6495,  0.19483
590, 171, -0.04789,  0.06559, -0.02635,  0.88053,  0.46672,  0.08271,  0.59595,  0.05292
591, 161, -0.05856,  0.0686, -0.02295,  0.12373,  0.91364, -0.38724,  0.79255,  0.61269
592, 173, -0.05943,  0.06742, -0.02519,  0.21588,  0.89811, -0.38315,  0.66008,  0.6485
593, 162, -0.06069,  0.06856, -0.02386,  0.14597,  0.92416, -0.35301,  0.74198,  0.72066
594, 173, -0.05943,  0.06742, -0.02519,  0.21588,  0.89811, -0.38315,  0.66008,  0.6485
595, 161, -0.05856,  0.0686, -0.02295,  0.12373,  0.91364, -0.38724,  0.79255,  0.61269
596, 174, -0.05795,  0.06742, -0.02451,  0.17381,  0.86682, -0.46734,  0.69595,  0.57333
597, 174, -0.05795,  0.06742, -0.02451,  0.17381,  0.86682, -0.46734,  0.69595,  0.57333
598, 161, -0.05856,  0.0686, -0.02295,  0.12373,  0.91364, -0.38724,  0.79255,  0.61269
599, 164, -0.05619,  0.06839, -0.02283,  0.08665,  0.90714, -0.41181,  0.80187,  0.48958
600, 175, -0.06242,  0.06828, -0.02539,  0.13916,  0.93769, -0.31838,  0.65895,  0.80605
601, 162, -0.06069,  0.06856, -0.02386,  0.14597,  0.92416, -0.35301,  0.74198,  0.72066
602, 173, -0.05943,  0.06742, -0.02519,  0.21588,  0.89811, -0.38315,  0.66008,  0.6485
603, 162, -0.06069,  0.06856, -0.02386,  0.14597,  0.92416, -0.35301,  0.74198,  0.72066
604, 175, -0.06242,  0.06828, -0.02539,  0.13916,  0.93769, -0.31838,  0.65895,  0.80605
605, 176, -0.064,  0.06862, -0.02381, -0.54319,  0.79285,  0.27629,  0.7368,  0.88729
606, 173, -0.05943,  0.06742, -0.02519,  0.21588,  0.89811, -0.38315,  0.66008,  0.6485
607, 177, -0.061,  0.06708, -0.02703,  0.21902,  0.91861, -0.32891,  0.56334,  0.72598
608, 175, -0.06242,  0.06828, -0.02539,  0.13916,  0.93769, -0.31838,  0.65895,  0.80605
609, 175, -0.06242,  0.06828, -0.02539,  0.13916,  0.93769, -0.31838,  0.65895,  0.80605
610, 177, -0.061,  0.06708, -0.02703,  0.21902,  0.91861, -0.32891,  0.56334,  0.72598
611, 178, -0.06353,  0.06777, -0.02742,  0.13905,  0.94571, -0.29376,  0.55097,  0.86009
612, 175, -0.06242,  0.06828, -0.02539,  0.13916,  0.93769, -0.31838,  0.65895,  0.80605
613, 178, -0.06353,  0.06777, -0.02742,  0.13905,  0.94571, -0.29376,  0.55097,  0.86009
614, 179, -0.06543,  0.06797, -0.02626, -0.71896,  0.69286,  0.05519,  0.60752,  0.95604
615, 178, -0.06353,  0.06777, -0.02742,  0.13905,  0.94571, -0.29376,  0.55097,  0.86009
616, 177, -0.061,  0.06708, -0.02703,  0.21902,  0.91861, -0.32891,  0.56334,  0.72598
617, 180, -0.06162,  0.06647, -0.02935,  0.21276,  0.93242, -0.29211,  0.44268,  0.75539
618, 181, -0.06386,  0.06711, -0.02984,  0.14142,  0.94784, -0.28565,  0.42395,  0.87417
619, 178, -0.06353,  0.06777, -0.02742,  0.13905,  0.94571, -0.29376,  0.55097,  0.86009
620, 180, -0.06162,  0.06647, -0.02935,  0.21276,  0.93242, -0.29211,  0.44268,  0.75539
621, 178, -0.06353,  0.06777, -0.02742,  0.13905,  0.94571, -0.29376,  0.55097,  0.86009
622, 181, -0.06386,  0.06711, -0.02984,  0.14142,  0.94784, -0.28565,  0.42395,  0.87417
623, 182, -0.06588,  0.0671, -0.02934, -0.80843,  0.56341, -0.1703,  0.44489,  0.97635
624, 181, -0.06386,  0.06711, -0.02984,  0.14142,  0.94784, -0.28565,  0.42395,  0.87417
625, 180, -0.06162,  0.06647, -0.02935,  0.21276,  0.93242, -0.29211,  0.44268,  0.75539
626, 183, -0.06105,  0.06568, -0.03151,  0.23437,  0.93344, -0.27159,  0.32957,  0.72066
627, 183, -0.06105,  0.06568, -0.03151,  0.23437,  0.93344, -0.27159,  0.32957,  0.72066
628, 184, -0.06348,  0.06635, -0.03212,  0.14965,  0.93954, -0.30801,  0.30424,  0.8492
629, 181, -0.06386,  0.06711, -0.02984,  0.14142,  0.94784, -0.28565,  0.42395,  0.87417
630, 181, -0.06386,  0.06711, -0.02984,  0.14142,  0.94784, -0.28565,  0.42395,  0.87417
631, 184, -0.06348,  0.06635, -0.03212,  0.14965,  0.93954, -0.30801,  0.30424,  0.8492
632, 185, -0.06545,  0.06613, -0.0323, -0.80597,  0.42956, -0.4073,  0.28831,  0.94633
633, 184, -0.06348,  0.06635, -0.03212,  0.14965,  0.93954, -0.30801,  0.30424,  0.8492
634, 183, -0.06105,  0.06568, -0.03151,  0.23437,  0.93344, -0.27159,  0.32957,  0.72066
635, 186, -0.06257,  0.06559, -0.03385,  0.15519,  0.92943, -0.33477,  0.21214,  0.79796
636, 184, -0.06348,  0.06635, -0.03212,  0.14965,  0.93954, -0.30801,  0.30424,  0.8492
637, 186, -0.06257,  0.06559, -0.03385,  0.15519,  0.92943, -0.33477,  0.21214,  0.79796
638, 187, -0.06431,  0.06514, -0.03453, -0.68403,  0.26125, -0.68107,  0.17053,  0.88198
639, 188, -0.05969,  0.06492, -0.03306,  0.23128,  0.93942, -0.253,  0.2458,  0.64802
640, 186, -0.06257,  0.06559, -0.03385,  0.15519,  0.92943, -0.33477,  0.21214,  0.79796
641, 183, -0.06105,  0.06568, -0.03151,  0.23437,  0.93344, -0.27159,  0.32957,  0.72066
642, 188, -0.05969,  0.06492, -0.03306,  0.23128,  0.93942, -0.253,  0.2458,  0.64802
643, 189, -0.06111,  0.06488, -0.03509,  0.15534,  0.92324, -0.35143,  0.14374,  0.72115
644, 186, -0.06257,  0.06559, -0.03385,  0.15519,  0.92943, -0.33477,  0.21214,  0.79796
645, 186, -0.06257,  0.06559, -0.03385,  0.15519,  0.92943, -0.33477,  0.21214,  0.79796
646, 189, -0.06111,  0.06488, -0.03509,  0.15534,  0.92324, -0.35143,  0.14374,  0.72115
647, 190, -0.06243,  0.06423, -0.03606, -0.44429,  0.07354, -0.89286,  0.0853,  0.78515
648, 191, -0.05914,  0.06427, -0.0358,  0.16846,  0.91852, -0.3577,  0.10191,  0.61957
649, 189, -0.06111,  0.06488, -0.03509,  0.15534,  0.92324, -0.35143,  0.14374,  0.72115
650, 188, -0.05969,  0.06492, -0.03306,  0.23128,  0.93942, -0.253,  0.2458,  0.64802
651, 189, -0.06111,  0.06488, -0.03509,  0.15534,  0.92324, -0.35143,  0.14374,  0.72115
652, 191, -0.05914,  0.06427, -0.0358,  0.16846,  0.91852, -0.3577,  0.10191,  0.61957
653, 192, -0.0599,  0.06347, -0.03686, -0.19449, -0.08226, -0.97745,  0.0334,  0.65432
654, 188, -0.05969,  0.06492, -0.03306,  0.23128,  0.93942, -0.253,  0.2458,  0.64802
655, 193, -0.05836,  0.06447, -0.03357,  0.21632,  0.95027, -0.22403,  0.21575,  0.57833
656, 191, -0.05914,  0.06427, -0.0358,  0.16846,  0.91852, -0.3577,  0.10191,  0.61957
657, 194, -0.05691,  0.06378, -0.03594,  0.18005,  0.9162, -0.358,  0.09004,  0.50337
658, 191, -0.05914,  0.06427, -0.0358,  0.16846,  0.91852, -0.3577,  0.10191,  0.61957
659, 193, -0.05836,  0.06447, -0.03357,  0.21632,  0.95027, -0.22403,  0.21575,  0.57833
660, 191, -0.05914,  0.06427, -0.0358,  0.16846,  0.91852, -0.3577,  0.10191,  0.61957
661, 194, -0.05691,  0.06378, -0.03594,  0.18005,  0.9162, -0.358,  0.09004,  0.50337
662, 195, -0.05702,  0.06285, -0.03702,  0.06579, -0.15674, -0.98545,  0.01921,  0.50256
663, 193, -0.05836,  0.06447, -0.03357,  0.21632,  0.95027, -0.22403,  0.21575,  0.57833
664, 196, -0.05685,  0.06413, -0.03366,  0.1834,  0.96081, -0.20787,  0.20779,  0.49909
665, 194, -0.05691,  0.06378, -0.03594,  0.18005,  0.9162, -0.358,  0.09004,  0.50337
666, 197, -0.05465,  0.06355, -0.03537,  0.17557,  0.91896, -0.35312,  0.11665,  0.38593
667, 194, -0.05691,  0.06378, -0.03594,  0.18005,  0.9162, -0.358,  0.09004,  0.50337
668, 196, -0.05685,  0.06413, -0.03366,  0.1834,  0.96081, -0.20787,  0.20779,  0.49909
669, 194, -0.05691,  0.06378, -0.03594,  0.18005,  0.9162, -0.358,  0.09004,  0.50337
670, 197, -0.05465,  0.06355, -0.03537,  0.17557,  0.91896, -0.35312,  0.11665,  0.38593
671, 198, -0.05411,  0.06255, -0.03633,  0.32996, -0.17299, -0.92801,  0.05099,  0.35042
672, 196, -0.05685,  0.06413, -0.03366,  0.1834,  0.96081, -0.20787,  0.20779,  0.49909
673, 199, -0.0553,  0.06394, -0.03329,  0.14024,  0.9662, -0.21629,  0.22452,  0.41923
674, 197, -0.05465,  0.06355, -0.03537,  0.17557,  0.91896, -0.35312,  0.11665,  0.38593
675, 200, -0.05261,  0.06362, -0.03423,  0.14686,  0.92609, -0.34755,  0.17593,  0.28158
676, 197, -0.05465,  0.06355, -0.03537,  0.17557,  0.91896, -0.35312,  0.11665,  0.38593
677, 199, -0.0553,  0.06394, -0.03329,  0.14024,  0.9662, -0.21629,  0.22452,  0.41923
678, 201, -0.05411,  0.06255, -0.03633,  0.32996, -0.17299, -0.92801,  0.05099,  0.35042
679, 197, -0.05465,  0.06355, -0.03537,  0.17557,  0.91896, -0.35312,  0.11665,  0.38593
680, 200, -0.05261,  0.06362, -0.03423,  0.14686,  0.92609, -0.34755,  0.17593,  0.28158
681, 199, -0.0553,  0.06394, -0.03329,  0.14024,  0.9662, -0.21629,  0.22452,  0.41923
682, 202, -0.0539,  0.06397, -0.03246,  0.11172,  0.95659, -0.26919,  0.26648,  0.34786
683, 200, -0.05261,  0.06362, -0.03423,  0.14686,  0.92609, -0.34755,  0.17593,  0.28158
684, 203, -0.051,  0.06394, -0.03281,  0.10885,  0.93358, -0.34145,  0.25376,  0.20201
685, 200, -0.05261,  0.06362, -0.03423,  0.14686,  0.92609, -0.34755,  0.17593,  0.28158
686, 202, -0.0539,  0.06397, -0.03246,  0.11172,  0.95659, -0.26919,  0.26648,  0.34786
687, 204, -0.05152,  0.06263, -0.03502,  0.55505, -0.09339, -0.82655,  0.12172,  0.21764
688, 200, -0.05261,  0.06362, -0.03423,  0.14686,  0.92609, -0.34755,  0.17593,  0.28158
689, 203, -0.051,  0.06394, -0.03281,  0.10885,  0.93358, -0.34145,  0.25376,  0.20201
690, 202, -0.0539,  0.06397, -0.03246,  0.11172,  0.95659, -0.26919,  0.26648,  0.34786
691, 205, -0.0524,  0.06436, -0.03063, -0.00125,  0.96374, -0.26684,  0.3644,  0.27583
692, 203, -0.051,  0.06394, -0.03281,  0.10885,  0.93358, -0.34145,  0.25376,  0.20201
693, 203, -0.051,  0.06394, -0.03281,  0.10885,  0.93358, -0.34145,  0.25376,  0.20201
694, 205, -0.0524,  0.06436, -0.03063, -0.00125,  0.96374, -0.26684,  0.3644,  0.27583
695, 206, -0.04995,  0.0645, -0.03098,  0.09855,  0.93294, -0.34627,  0.35325,  0.15156
696, 207, -0.04949,  0.06305, -0.03328,  0.76299,  0.03001, -0.64572,  0.21927,  0.11915
697, 203, -0.051,  0.06394, -0.03281,  0.10885,  0.93358, -0.34145,  0.25376,  0.20201
698, 206, -0.04995,  0.0645, -0.03098,  0.09855,  0.93294, -0.34627,  0.35325,  0.15156
699, 206, -0.04995,  0.0645, -0.03098,  0.09855,  0.93294, -0.34627,  0.35325,  0.15156
700, 205, -0.0524,  0.06436, -0.03063, -0.00125,  0.96374, -0.26684,  0.3644,  0.27583
701, 208, -0.05172,  0.065, -0.02857, -0.00413,  0.94041, -0.34001,  0.47457,  0.24454
702, 208, -0.05172,  0.065, -0.02857, -0.00413,  0.94041, -0.34001,  0.47457,  0.24454
703, 209, -0.04952,  0.06519, -0.02899,  0.07849,  0.93161, -0.35489,  0.46114,  0.13304
704, 206, -0.04995,  0.0645, -0.03098,  0.09855,  0.93294, -0.34627,  0.35325,  0.15156
705, 209, -0.04952,  0.06519, -0.02899,  0.07849,  0.93161, -0.35489,  0.46114,  0.13304
706, 210, -0.04815,  0.06378, -0.03098,  0.89291,  0.16852, -0.4175,  0.34428,  0.05515
707, 206, -0.04995,  0.0645, -0.03098,  0.09855,  0.93294, -0.34627,  0.35325,  0.15156
708, 172, -0.04975,  0.06593, -0.02717,  0.07294,  0.92285, -0.37819,  0.56105,  0.14852
709, 209, -0.04952,  0.06519, -0.02899,  0.07849,  0.93161, -0.35489,  0.46114,  0.13304
710, 208, -0.05172,  0.065, -0.02857, -0.00413,  0.94041, -0.34001,  0.47457,  0.24454
711, 172, -0.04975,  0.06593, -0.02717,  0.07294,  0.92285, -0.37819,  0.56105,  0.14852
712, 211, -0.0476,  0.06465, -0.02858,  0.93151,  0.3187, -0.17527,  0.4749,  0.03319
713, 209, -0.04952,  0.06519, -0.02899,  0.07849,  0.93161, -0.35489,  0.46114,  0.13304
714, 208, -0.05172,  0.065, -0.02857, -0.00413,  0.94041, -0.34001,  0.47457,  0.24454
715, 212, -0.05215,  0.06577, -0.02673, -0.05579,  0.89429, -0.44399,  0.57413,  0.27134
716, 172, -0.04975,  0.06593, -0.02717,  0.07294,  0.92285, -0.37819,  0.56105,  0.14852
717, 172, -0.04975,  0.06593, -0.02717,  0.07294,  0.92285, -0.37819,  0.56105,  0.14852
718, 212, -0.05215,  0.06577, -0.02673, -0.05579,  0.89429, -0.44399,  0.57413,  0.27134
719, 169, -0.0506,  0.06668, -0.02558,  0.07796,  0.9127, -0.40113,  0.6495,  0.19483
720, 167, -0.052,  0.06738, -0.02432,  0.07622,  0.90725, -0.41363,  0.72157,  0.26848
721, 169, -0.0506,  0.06668, -0.02558,  0.07796,  0.9127, -0.40113,  0.6495,  0.19483
722, 212, -0.05215,  0.06577, -0.02673, -0.05579,  0.89429, -0.44399,  0.57413,  0.27134
723, 212, -0.05215,  0.06577, -0.02673, -0.05579,  0.89429, -0.44399,  0.57413,  0.27134
724, 213, -0.05342,  0.06652, -0.02528,  0.02885,  0.88862, -0.45774,  0.65479,  0.33793
725, 167, -0.052,  0.06738, -0.02432,  0.07622,  0.90725, -0.41363,  0.72157,  0.26848
726, 166, -0.05391,  0.06796, -0.02337,  0.07,  0.90577, -0.41795,  0.77445,  0.36928
727, 167, -0.052,  0.06738, -0.02432,  0.07622,  0.90725, -0.41363,  0.72157,  0.26848
728, 213, -0.05342,  0.06652, -0.02528,  0.02885,  0.88862, -0.45774,  0.65479,  0.33793
729, 213, -0.05342,  0.06652, -0.02528,  0.02885,  0.88862, -0.45774,  0.65479,  0.33793
730, 214, -0.05476,  0.06695, -0.02463,  0.04124,  0.8482, -0.52806,  0.68965,  0.40823
731, 166, -0.05391,  0.06796, -0.02337,  0.07,  0.90577, -0.41795,  0.77445,  0.36928
732, 164, -0.05619,  0.06839, -0.02283,  0.08665,  0.90714, -0.41181,  0.80187,  0.48958
733, 166, -0.05391,  0.06796, -0.02337,  0.07,  0.90577, -0.41795,  0.77445,  0.36928
734, 214, -0.05476,  0.06695, -0.02463,  0.04124,  0.8482, -0.52806,  0.68965,  0.40823
735, 214, -0.05476,  0.06695, -0.02463,  0.04124,  0.8482, -0.52806,  0.68965,  0.40823
736, 215, -0.05634,  0.06726, -0.02433,  0.10598,  0.84566, -0.5231,  0.70585,  0.49008
737, 164, -0.05619,  0.06839, -0.02283,  0.08665,  0.90714, -0.41181,  0.80187,  0.48958
738, 164, -0.05619,  0.06839, -0.02283,  0.08665,  0.90714, -0.41181,  0.80187,  0.48958
739, 215, -0.05634,  0.06726, -0.02433,  0.10598,  0.84566, -0.5231,  0.70585,  0.49008
740, 174, -0.05795,  0.06742, -0.02451,  0.17381,  0.86682, -0.46734,  0.69595,  0.57333
741, 216, -0.05638,  0.06697, -0.02516,  0.13267,  0.93633, -0.3251,  0.66186,  0.49047
742, 214, -0.05476,  0.06695, -0.02463,  0.04124,  0.8482, -0.52806,  0.68965,  0.40823
743, 213, -0.05342,  0.06652, -0.02528,  0.02885,  0.88862, -0.45774,  0.65479,  0.33793
744, 216, -0.05638,  0.06697, -0.02516,  0.13267,  0.93633, -0.3251,  0.66186,  0.49047
745, 215, -0.05634,  0.06726, -0.02433,  0.10598,  0.84566, -0.5231,  0.70585,  0.49008
746, 214, -0.05476,  0.06695, -0.02463,  0.04124,  0.8482, -0.52806,  0.68965,  0.40823
747, 174, -0.05795,  0.06742, -0.02451,  0.17381,  0.86682, -0.46734,  0.69595,  0.57333
748, 215, -0.05634,  0.06726, -0.02433,  0.10598,  0.84566, -0.5231,  0.70585,  0.49008
749, 216, -0.05638,  0.06697, -0.02516,  0.13267,  0.93633, -0.3251,  0.66186,  0.49047
750, 216, -0.05638,  0.06697, -0.02516,  0.13267,  0.93633, -0.3251,  0.66186,  0.49047
751, 213, -0.05342,  0.06652, -0.02528,  0.02885,  0.88862, -0.45774,  0.65479,  0.33793
752, 217, -0.05351,  0.06599, -0.0267,  0.14379,  0.92704, -0.34629,  0.57808,  0.33915
753, 212, -0.05215,  0.06577, -0.02673, -0.05579,  0.89429, -0.44399,  0.57413,  0.27134
754, 217, -0.05351,  0.06599, -0.0267,  0.14379,  0.92704, -0.34629,  0.57808,  0.33915
755, 213, -0.05342,  0.06652, -0.02528,  0.02885,  0.88862, -0.45774,  0.65479,  0.33793
756, 218, -0.05644,  0.06643, -0.02675,  0.14973,  0.93658, -0.31685,  0.57727,  0.49019
757, 216, -0.05638,  0.06697, -0.02516,  0.13267,  0.93633, -0.3251,  0.66186,  0.49047
758, 217, -0.05351,  0.06599, -0.0267,  0.14379,  0.92704, -0.34629,  0.57808,  0.33915
759, 218, -0.05644,  0.06643, -0.02675,  0.14973,  0.93658, -0.31685,  0.57727,  0.49019
760, 217, -0.05351,  0.06599, -0.0267,  0.14379,  0.92704, -0.34629,  0.57808,  0.33915
761, 219, -0.05365,  0.06531, -0.02864,  0.16241,  0.92812, -0.33498,  0.47332,  0.34248
762, 219, -0.05365,  0.06531, -0.02864,  0.16241,  0.92812, -0.33498,  0.47332,  0.34248
763, 217, -0.05351,  0.06599, -0.0267,  0.14379,  0.92704, -0.34629,  0.57808,  0.33915
764, 212, -0.05215,  0.06577, -0.02673, -0.05579,  0.89429, -0.44399,  0.57413,  0.27134
765, 218, -0.05644,  0.06643, -0.02675,  0.14973,  0.93658, -0.31685,  0.57727,  0.49019
766, 219, -0.05365,  0.06531, -0.02864,  0.16241,  0.92812, -0.33498,  0.47332,  0.34248
767, 220, -0.05654,  0.06573, -0.02889,  0.16428,  0.93509, -0.31403,  0.463,  0.49091
768, 177, -0.061,  0.06708, -0.02703,  0.21902,  0.91861, -0.32891,  0.56334,  0.72598
769, 218, -0.05644,  0.06643, -0.02675,  0.14973,  0.93658, -0.31685,  0.57727,  0.49019
770, 220, -0.05654,  0.06573, -0.02889,  0.16428,  0.93509, -0.31403,  0.463,  0.49091
771, 180, -0.06162,  0.06647, -0.02935,  0.21276,  0.93242, -0.29211,  0.44268,  0.75539
772, 177, -0.061,  0.06708, -0.02703,  0.21902,  0.91861, -0.32891,  0.56334,  0.72598
773, 220, -0.05654,  0.06573, -0.02889,  0.16428,  0.93509, -0.31403,  0.463,  0.49091
774, 220, -0.05654,  0.06573, -0.02889,  0.16428,  0.93509, -0.31403,  0.463,  0.49091
775, 219, -0.05365,  0.06531, -0.02864,  0.16241,  0.92812, -0.33498,  0.47332,  0.34248
776, 221, -0.05379,  0.06461, -0.03065,  0.17601,  0.9255, -0.33535,  0.36466,  0.3456
777, 220, -0.05654,  0.06573, -0.02889,  0.16428,  0.93509, -0.31403,  0.463,  0.49091
778, 221, -0.05379,  0.06461, -0.03065,  0.17601,  0.9255, -0.33535,  0.36466,  0.3456
779, 222, -0.05665,  0.06509, -0.03086,  0.17519,  0.93104, -0.32012,  0.3578,  0.49355
780, 180, -0.06162,  0.06647, -0.02935,  0.21276,  0.93242, -0.29211,  0.44268,  0.75539
781, 220, -0.05654,  0.06573, -0.02889,  0.16428,  0.93509, -0.31403,  0.463,  0.49091
782, 222, -0.05665,  0.06509, -0.03086,  0.17519,  0.93104, -0.32012,  0.3578,  0.49355
783, 222, -0.05665,  0.06509, -0.03086,  0.17519,  0.93104, -0.32012,  0.3578,  0.49355
784, 221, -0.05379,  0.06461, -0.03065,  0.17601,  0.9255, -0.33535,  0.36466,  0.3456
785, 202, -0.0539,  0.06397, -0.03246,  0.11172,  0.95659, -0.26919,  0.26648,  0.34786
786, 222, -0.05665,  0.06509, -0.03086,  0.17519,  0.93104, -0.32012,  0.3578,  0.49355
787, 202, -0.0539,  0.06397, -0.03246,  0.11172,  0.95659, -0.26919,  0.26648,  0.34786
788, 223, -0.05679,  0.06444, -0.03278,  0.18608,  0.92521, -0.33071,  0.25481,  0.49738
789, 222, -0.05665,  0.06509, -0.03086,  0.17519,  0.93104, -0.32012,  0.3578,  0.49355
790, 223, -0.05679,  0.06444, -0.03278,  0.18608,  0.92521, -0.33071,  0.25481,  0.49738
791, 188, -0.05969,  0.06492, -0.03306,  0.23128,  0.93942, -0.253,  0.2458,  0.64802
792, 188, -0.05969,  0.06492, -0.03306,  0.23128,  0.93942, -0.253,  0.2458,  0.64802
793, 183, -0.06105,  0.06568, -0.03151,  0.23437,  0.93344, -0.27159,  0.32957,  0.72066
794, 222, -0.05665,  0.06509, -0.03086,  0.17519,  0.93104, -0.32012,  0.3578,  0.49355
795, 222, -0.05665,  0.06509, -0.03086,  0.17519,  0.93104, -0.32012,  0.3578,  0.49355
796, 183, -0.06105,  0.06568, -0.03151,  0.23437,  0.93344, -0.27159,  0.32957,  0.72066
797, 180, -0.06162,  0.06647, -0.02935,  0.21276,  0.93242, -0.29211,  0.44268,  0.75539
798, 193, -0.05836,  0.06447, -0.03357,  0.21632,  0.95027, -0.22403,  0.21575,  0.57833
799, 188, -0.05969,  0.06492, -0.03306,  0.23128,  0.93942, -0.253,  0.2458,  0.64802
800, 223, -0.05679,  0.06444, -0.03278,  0.18608,  0.92521, -0.33071,  0.25481,  0.49738
801, 199, -0.0553,  0.06394, -0.03329,  0.14024,  0.9662, -0.21629,  0.22452,  0.41923
802, 223, -0.05679,  0.06444, -0.03278,  0.18608,  0.92521, -0.33071,  0.25481,  0.49738
803, 202, -0.0539,  0.06397, -0.03246,  0.11172,  0.95659, -0.26919,  0.26648,  0.34786
804, 223, -0.05679,  0.06444, -0.03278,  0.18608,  0.92521, -0.33071,  0.25481,  0.49738
805, 199, -0.0553,  0.06394, -0.03329,  0.14024,  0.9662, -0.21629,  0.22452,  0.41923
806, 196, -0.05685,  0.06413, -0.03366,  0.1834,  0.96081, -0.20787,  0.20779,  0.49909
807, 223, -0.05679,  0.06444, -0.03278,  0.18608,  0.92521, -0.33071,  0.25481,  0.49738
808, 196, -0.05685,  0.06413, -0.03366,  0.1834,  0.96081, -0.20787,  0.20779,  0.49909
809, 193, -0.05836,  0.06447, -0.03357,  0.21632,  0.95027, -0.22403,  0.21575,  0.57833
810, 218, -0.05644,  0.06643, -0.02675,  0.14973,  0.93658, -0.31685,  0.57727,  0.49019
811, 177, -0.061,  0.06708, -0.02703,  0.21902,  0.91861, -0.32891,  0.56334,  0.72598
812, 173, -0.05943,  0.06742, -0.02519,  0.21588,  0.89811, -0.38315,  0.66008,  0.6485
813, 173, -0.05943,  0.06742, -0.02519,  0.21588,  0.89811, -0.38315,  0.66008,  0.6485
814, 216, -0.05638,  0.06697, -0.02516,  0.13267,  0.93633, -0.3251,  0.66186,  0.49047
815, 218, -0.05644,  0.06643, -0.02675,  0.14973,  0.93658, -0.31685,  0.57727,  0.49019
816, 173, -0.05943,  0.06742, -0.02519,  0.21588,  0.89811, -0.38315,  0.66008,  0.6485
817, 174, -0.05795,  0.06742, -0.02451,  0.17381,  0.86682, -0.46734,  0.69595,  0.57333
818, 216, -0.05638,  0.06697, -0.02516,  0.13267,  0.93633, -0.3251,  0.66186,  0.49047
819, 205, -0.0524,  0.06436, -0.03063, -0.00125,  0.96374, -0.26684,  0.3644,  0.27583
820, 202, -0.0539,  0.06397, -0.03246,  0.11172,  0.95659, -0.26919,  0.26648,  0.34786
821, 221, -0.05379,  0.06461, -0.03065,  0.17601,  0.9255, -0.33535,  0.36466,  0.3456
822, 205, -0.0524,  0.06436, -0.03063, -0.00125,  0.96374, -0.26684,  0.3644,  0.27583
823, 221, -0.05379,  0.06461, -0.03065,  0.17601,  0.9255, -0.33535,  0.36466,  0.3456
824, 219, -0.05365,  0.06531, -0.02864,  0.16241,  0.92812, -0.33498,  0.47332,  0.34248
825, 219, -0.05365,  0.06531, -0.02864,  0.16241,  0.92812, -0.33498,  0.47332,  0.34248
826, 208, -0.05172,  0.065, -0.02857, -0.00413,  0.94041, -0.34001,  0.47457,  0.24454
827, 205, -0.0524,  0.06436, -0.03063, -0.00125,  0.96374, -0.26684,  0.3644,  0.27583
828, 212, -0.05215,  0.06577, -0.02673, -0.05579,  0.89429, -0.44399,  0.57413,  0.27134
829, 208, -0.05172,  0.065, -0.02857, -0.00413,  0.94041, -0.34001,  0.47457,  0.24454
830, 219, -0.05365,  0.06531, -0.02864,  0.16241,  0.92812, -0.33498,  0.47332,  0.34248
831, 224, -0.06069,  0.06856, -0.02386,  0.14597,  0.92416, -0.35301,  0.74198,  0.72066
832, 225, -0.06182,  0.06898, -0.02206, -0.31747,  0.84123,  0.43765,  0.83152,  0.78091
833, 226, -0.05912,  0.06903, -0.02108, -0.07283,  0.82927,  0.55409,  0.88743,  0.64538
834, 227, -0.064,  0.06862, -0.02381, -0.54319,  0.79285,  0.27629,  0.7368,  0.88729
835, 225, -0.06182,  0.06898, -0.02206, -0.31747,  0.84123,  0.43765,  0.83152,  0.78091
836, 228, -0.06069,  0.06856, -0.02386,  0.14597,  0.92416, -0.35301,  0.74198,  0.72066
837, 229, -0.06543,  0.06797, -0.02626, -0.71896,  0.69286,  0.05519,  0.60752,  0.95604
838, 227, -0.064,  0.06862, -0.02381, -0.54319,  0.79285,  0.27629,  0.7368,  0.88729
839, 230, -0.06242,  0.06828, -0.02539,  0.13916,  0.93769, -0.31838,  0.65895,  0.80605
840, 231, -0.06588,  0.0671, -0.02934, -0.80843,  0.56341, -0.1703,  0.44489,  0.97635
841, 229, -0.06543,  0.06797, -0.02626, -0.71896,  0.69286,  0.05519,  0.60752,  0.95604
842, 232, -0.06353,  0.06777, -0.02742,  0.13905,  0.94571, -0.29376,  0.55097,  0.86009
843, 233, -0.06545,  0.06613, -0.0323, -0.80597,  0.42956, -0.4073,  0.28831,  0.94633
844, 234, -0.06588,  0.0671, -0.02934, -0.80843,  0.56341, -0.1703,  0.44489,  0.97635
845, 235, -0.06386,  0.06711, -0.02984,  0.14142,  0.94784, -0.28565,  0.42395,  0.87417
846, 236, -0.06431,  0.06514, -0.03453, -0.68403,  0.26125, -0.68107,  0.17053,  0.88198
847, 237, -0.06545,  0.06613, -0.0323, -0.80597,  0.42956, -0.4073,  0.28831,  0.94633
848, 238, -0.06348,  0.06635, -0.03212,  0.14965,  0.93954, -0.30801,  0.30424,  0.8492
849, 239, -0.06243,  0.06423, -0.03606, -0.44429,  0.07354, -0.89286,  0.0853,  0.78515
850, 240, -0.06431,  0.06514, -0.03453, -0.68403,  0.26125, -0.68107,  0.17053,  0.88198
851, 241, -0.06257,  0.06559, -0.03385,  0.15519,  0.92943, -0.33477,  0.21214,  0.79796
852, 242, -0.0599,  0.06347, -0.03686, -0.19449, -0.08226, -0.97745,  0.0334,  0.65432
853, 243, -0.06243,  0.06423, -0.03606, -0.44429,  0.07354, -0.89286,  0.0853,  0.78515
854, 244, -0.06111,  0.06488, -0.03509,  0.15534,  0.92324, -0.35143,  0.14374,  0.72115
855, 245, -0.05702,  0.06285, -0.03702,  0.06579, -0.15674, -0.98545,  0.01921,  0.50256
856, 246, -0.0599,  0.06347, -0.03686, -0.19449, -0.08226, -0.97745,  0.0334,  0.65432
857, 247, -0.05914,  0.06427, -0.0358,  0.16846,  0.91852, -0.3577,  0.10191,  0.61957
858, 248, -0.05411,  0.06255, -0.03633,  0.32996, -0.17299, -0.92801,  0.05099,  0.35042
859, 249, -0.05702,  0.06285, -0.03702,  0.06579, -0.15674, -0.98545,  0.01921,  0.50256
860, 250, -0.05691,  0.06378, -0.03594,  0.18005,  0.9162, -0.358,  0.09004,  0.50337
861, 251, -0.05411,  0.06255, -0.03633,  0.32996, -0.17299, -0.92801,  0.05099,  0.35042
862, 252, -0.05261,  0.06362, -0.03423,  0.14686,  0.92609, -0.34755,  0.17593,  0.28158
863, 253, -0.05152,  0.06263, -0.03502,  0.55505, -0.09339, -0.82655,  0.12172,  0.21764
864, 254, -0.051,  0.06394, -0.03281,  0.10885,  0.93358, -0.34145,  0.25376,  0.20201
865, 255, -0.04949,  0.06305, -0.03328,  0.76299,  0.03001, -0.64572,  0.21927,  0.11915
866, 256, -0.05152,  0.06263, -0.03502,  0.55505, -0.09339, -0.82655,  0.12172,  0.21764
867, 257, -0.04995,  0.0645, -0.03098,  0.09855,  0.93294, -0.34627,  0.35325,  0.15156
868, 258, -0.04815,  0.06378, -0.03098,  0.89291,  0.16852, -0.4175,  0.34428,  0.05515
869, 259, -0.04949,  0.06305, -0.03328,  0.76299,  0.03001, -0.64572,  0.21927,  0.11915
870, 260, -0.04815,  0.06378, -0.03098,  0.89291,  0.16852, -0.4175,  0.34428,  0.05515
871, 261, -0.04952,  0.06519, -0.02899,  0.07849,  0.93161, -0.35489,  0.46114,  0.13304
872, 262, -0.0476,  0.06465, -0.02858,  0.93151,  0.3187, -0.17527,  0.4749,  0.03319
873, 263, -0.0476,  0.06465, -0.02858,  0.93151,  0.3187, -0.17527,  0.4749,  0.03319
874, 264, -0.04975,  0.06593, -0.02717,  0.07294,  0.92285, -0.37819,  0.56105,  0.14852
875, 265, -0.04789,  0.06559, -0.02635,  0.88053,  0.46672,  0.08271,  0.59595,  0.05292
876, 266, -0.0568,  0.06973, -0.02058,  0.1111,  0.97447, -0.19508,  0.93779,  0.07842
877, 267, -0.05603,  0.06915, -0.02301,  0.1766,  0.92546, -0.33515,  0.90631,  0.06687
878, 268, -0.05761,  0.06963, -0.02128,  0.03386,  0.97131, -0.2354,  0.92946,  0.09131
879, 268, -0.05761,  0.06963, -0.02128,  0.03386,  0.97131, -0.2354,  0.92946,  0.09131
880, 267, -0.05603,  0.06915, -0.02301,  0.1766,  0.92546, -0.33515,  0.90631,  0.06687
881, 269, -0.05811,  0.06936, -0.02228, -0.00946,  0.95415, -0.29919,  0.91654,  0.09968
882, 269, -0.05811,  0.06936, -0.02228, -0.00946,  0.95415, -0.29919,  0.91654,  0.09968
883, 267, -0.05603,  0.06915, -0.02301,  0.1766,  0.92546, -0.33515,  0.90631,  0.06687
884, 270, -0.05813,  0.06895, -0.02343, -0.01359,  0.92381, -0.38261,  0.9012,  0.10047
885, 270, -0.05813,  0.06895, -0.02343, -0.01359,  0.92381, -0.38261,  0.9012,  0.10047
886, 267, -0.05603,  0.06915, -0.02301,  0.1766,  0.92546, -0.33515,  0.90631,  0.06687
887, 271, -0.0575,  0.06836, -0.02472,  0.04074,  0.89279, -0.44864,  0.8832,  0.09131
888, 271, -0.0575,  0.06836, -0.02472,  0.04074,  0.89279, -0.44864,  0.8832,  0.09131
889, 267, -0.05603,  0.06915, -0.02301,  0.1766,  0.92546, -0.33515,  0.90631,  0.06687
890, 272, -0.05632,  0.06793, -0.0253,  0.13213,  0.86676, -0.4809,  0.87403,  0.07332
891, 272, -0.05632,  0.06793, -0.0253,  0.13213,  0.86676, -0.4809,  0.87403,  0.07332
892, 267, -0.05603,  0.06915, -0.02301,  0.1766,  0.92546, -0.33515,  0.90631,  0.06687
893, 273, -0.05534,  0.06779, -0.02515,  0.23693,  0.85279, -0.46542,  0.87484,  0.05796
894, 273, -0.05534,  0.06779, -0.02515,  0.23693,  0.85279, -0.46542,  0.87484,  0.05796
895, 267, -0.05603,  0.06915, -0.02301,  0.1766,  0.92546, -0.33515,  0.90631,  0.06687
896, 274, -0.05453,  0.06789, -0.02445,  0.3102,  0.85178, -0.4222,  0.8832,  0.0451
897, 274, -0.05453,  0.06789, -0.02445,  0.3102,  0.85178, -0.4222,  0.8832,  0.0451
898, 267, -0.05603,  0.06915, -0.02301,  0.1766,  0.92546, -0.33515,  0.90631,  0.06687
899, 275, -0.05403,  0.06816, -0.02344,  0.3512,  0.86521, -0.35787,  0.8961,  0.03671
900, 275, -0.05403,  0.06816, -0.02344,  0.3512,  0.86521, -0.35787,  0.8961,  0.03671
901, 267, -0.05603,  0.06915, -0.02301,  0.1766,  0.92546, -0.33515,  0.90631,  0.06687
902, 276, -0.05402,  0.06857, -0.02229,  0.35765,  0.88781, -0.28962,  0.91143,  0.0359
903, 276, -0.05402,  0.06857, -0.02229,  0.35765,  0.88781, -0.28962,  0.91143,  0.0359
904, 267, -0.05603,  0.06915, -0.02301,  0.1766,  0.92546, -0.33515,  0.90631,  0.06687
905, 277, -0.0544,  0.06902, -0.02126,  0.3318,  0.91199, -0.2412,  0.92577,  0.0414
906, 277, -0.0544,  0.06902, -0.02126,  0.3318,  0.91199, -0.2412,  0.92577,  0.0414
907, 267, -0.05603,  0.06915, -0.02301,  0.1766,  0.92546, -0.33515,  0.90631,  0.06687
908, 278, -0.05489,  0.0693, -0.02076,  0.2655,  0.94409, -0.19545,  0.93309,  0.04875
909, 278, -0.05489,  0.0693, -0.02076,  0.2655,  0.94409, -0.19545,  0.93309,  0.04875
910, 267, -0.05603,  0.06915, -0.02301,  0.1766,  0.92546, -0.33515,  0.90631,  0.06687
911, 279, -0.05582,  0.06959, -0.02043,  0.19956,  0.96307, -0.18077,  0.9386,  0.06309
912, 279, -0.05582,  0.06959, -0.02043,  0.19956,  0.96307, -0.18077,  0.9386,  0.06309
913, 267, -0.05603,  0.06915, -0.02301,  0.1766,  0.92546, -0.33515,  0.90631,  0.06687
914, 266, -0.0568,  0.06973, -0.02058,  0.1111,  0.97447, -0.19508,  0.93779,  0.07842
915, 280, -0.05253,  0.06479, -0.03326,  0.19745,  0.93474, -0.29542,  0.93779,  0.07842
916, 281, -0.05212,  0.06427, -0.03461,  0.25902,  0.86548, -0.42877,  0.90631,  0.06687
917, 282, -0.05299,  0.06473, -0.03366,  0.11942,  0.93427, -0.33598,  0.92946,  0.09131
918, 282, -0.05299,  0.06473, -0.03366,  0.11942,  0.93427, -0.33598,  0.92946,  0.09131
919, 281, -0.05212,  0.06427, -0.03461,  0.25902,  0.86548, -0.42877,  0.90631,  0.06687
920, 283, -0.05329,  0.06454, -0.03422,  0.07428,  0.91436, -0.39803,  0.91654,  0.09968
921, 283, -0.05329,  0.06454, -0.03422,  0.07428,  0.91436, -0.39803,  0.91654,  0.09968
922, 281, -0.05212,  0.06427, -0.03461,  0.25902,  0.86548, -0.42877,  0.90631,  0.06687
923, 284, -0.05332,  0.06423, -0.03485,  0.06746,  0.87586, -0.47782,  0.9012,  0.10047
924, 284, -0.05332,  0.06423, -0.03485,  0.06746,  0.87586, -0.47782,  0.9012,  0.10047
925, 281, -0.05212,  0.06427, -0.03461,  0.25902,  0.86548, -0.42877,  0.90631,  0.06687
926, 285, -0.05299,  0.06379, -0.03555,  0.11946,  0.83337, -0.53965,  0.8832,  0.09131
927, 285, -0.05299,  0.06379, -0.03555,  0.11946,  0.83337, -0.53965,  0.8832,  0.09131
928, 281, -0.05212,  0.06427, -0.03461,  0.25902,  0.86548, -0.42877,  0.90631,  0.06687
929, 286, -0.05235,  0.06345, -0.03585,  0.20918,  0.79603, -0.56795,  0.87403,  0.07332
930, 286, -0.05235,  0.06345, -0.03585,  0.20918,  0.79603, -0.56795,  0.87403,  0.07332
931, 281, -0.05212,  0.06427, -0.03461,  0.25902,  0.86548, -0.42877,  0.90631,  0.06687
932, 287, -0.0518,  0.06333, -0.03575,  0.31334,  0.77429, -0.54981,  0.87484,  0.05796
933, 287, -0.0518,  0.06333, -0.03575,  0.31334,  0.77429, -0.54981,  0.87484,  0.05796
934, 281, -0.05212,  0.06427, -0.03461,  0.25902,  0.86548, -0.42877,  0.90631,  0.06687
935, 288, -0.05134,  0.06339, -0.03535,  0.38665,  0.77109, -0.50589,  0.8832,  0.0451
936, 288, -0.05134,  0.06339, -0.03535,  0.38665,  0.77109, -0.50589,  0.8832,  0.0451
937, 281, -0.05212,  0.06427, -0.03461,  0.25902,  0.86548, -0.42877,  0.90631,  0.06687
938, 289, -0.05104,  0.06358, -0.03479,  0.42889,  0.78737, -0.44282,  0.8961,  0.03671
939, 289, -0.05104,  0.06358, -0.03479,  0.42889,  0.78737, -0.44282,  0.8961,  0.03671
940, 281, -0.05212,  0.06427, -0.03461,  0.25902,  0.86548, -0.42877,  0.90631,  0.06687
941, 290, -0.05101,  0.06389, -0.03416,  0.43738,  0.81628, -0.37734,  0.91143,  0.0359
942, 290, -0.05101,  0.06389, -0.03416,  0.43738,  0.81628, -0.37734,  0.91143,  0.0359
943, 281, -0.05212,  0.06427, -0.03461,  0.25902,  0.86548, -0.42877,  0.90631,  0.06687
944, 291, -0.05121,  0.06422, -0.0336,  0.41366,  0.84763, -0.33227,  0.92577,  0.0414
945, 291, -0.05121,  0.06422, -0.0336,  0.41366,  0.84763, -0.33227,  0.92577,  0.0414
946, 281, -0.05212,  0.06427, -0.03461,  0.25902,  0.86548, -0.42877,  0.90631,  0.06687
947, 292, -0.05147,  0.06444, -0.03333,  0.34989,  0.89046, -0.29096,  0.93309,  0.04875
948, 292, -0.05147,  0.06444, -0.03333,  0.34989,  0.89046, -0.29096,  0.93309,  0.04875
949, 281, -0.05212,  0.06427, -0.03461,  0.25902,  0.86548, -0.42877,  0.90631,  0.06687
950, 293, -0.05198,  0.06467, -0.03316,  0.2853,  0.91691, -0.27906,  0.9386,  0.06309
951, 293, -0.05198,  0.06467, -0.03316,  0.2853,  0.91691, -0.27906,  0.9386,  0.06309
952, 281, -0.05212,  0.06427, -0.03461,  0.25902,  0.86548, -0.42877,  0.90631,  0.06687
953, 280, -0.05253,  0.06479, -0.03326,  0.19745,  0.93474, -0.29542,  0.93779,  0.07842
954, 294, -0.05153,  0.06718,  0.02471, -0.09736,  0.71027,  0.69717,  0.93779,  0.07842
955, 295, -0.05126,  0.06821,  0.0237, -0.0457,  0.81211,  0.58171,  0.90631,  0.06687
956, 296, -0.05201,  0.06737,  0.02441, -0.17883,  0.72342,  0.66684,  0.92946,  0.09131
957, 296, -0.05201,  0.06737,  0.02441, -0.17883,  0.72342,  0.66684,  0.92946,  0.09131
958, 295, -0.05126,  0.06821,  0.0237, -0.0457,  0.81211,  0.58171,  0.90631,  0.06687
959, 297, -0.05234,  0.06768,  0.02395, -0.22806,  0.75581,  0.61379,  0.91654,  0.09968
960, 297, -0.05234,  0.06768,  0.02395, -0.22806,  0.75581,  0.61379,  0.91654,  0.09968
961, 295, -0.05126,  0.06821,  0.0237, -0.0457,  0.81211,  0.58171,  0.90631,  0.06687
962, 298, -0.0524,  0.06807,  0.0234, -0.23947,  0.80602,  0.54128,  0.9012,  0.10047
963, 298, -0.0524,  0.06807,  0.0234, -0.23947,  0.80602,  0.54128,  0.9012,  0.10047
964, 295, -0.05126,  0.06821,  0.0237, -0.0457,  0.81211,  0.58171,  0.90631,  0.06687
965, 299, -0.05212,  0.06856,  0.02274, -0.19065,  0.85521,  0.48195,  0.8832,  0.09131
966, 299, -0.05212,  0.06856,  0.02274, -0.19065,  0.85521,  0.48195,  0.8832,  0.09131
967, 295, -0.05126,  0.06821,  0.0237, -0.0457,  0.81211,  0.58171,  0.90631,  0.06687
968, 300, -0.05149,  0.06884,  0.0224, -0.10109,  0.8882,  0.4482,  0.87403,  0.07332
969, 300, -0.05149,  0.06884,  0.0224, -0.10109,  0.8882,  0.4482,  0.87403,  0.07332
970, 295, -0.05126,  0.06821,  0.0237, -0.0457,  0.81211,  0.58171,  0.90631,  0.06687
971, 301, -0.05094,  0.06885,  0.02242,  0.00667,  0.89194,  0.45211,  0.87484,  0.05796
972, 301, -0.05094,  0.06885,  0.02242,  0.00667,  0.89194,  0.45211,  0.87484,  0.05796
973, 295, -0.05126,  0.06821,  0.0237, -0.0457,  0.81211,  0.58171,  0.90631,  0.06687
974, 302, -0.05045,  0.06867,  0.02272,  0.08523,  0.87295,  0.48031,  0.8832,  0.0451
975, 302, -0.05045,  0.06867,  0.02272,  0.08523,  0.87295,  0.48031,  0.8832,  0.0451
976, 295, -0.05126,  0.06821,  0.0237, -0.0457,  0.81211,  0.58171,  0.90631,  0.06687
977, 303, -0.05012,  0.06836,  0.02318,  0.13285,  0.83739,  0.53022,  0.8961,  0.03671
978, 303, -0.05012,  0.06836,  0.02318,  0.13285,  0.83739,  0.53022,  0.8961,  0.03671
979, 295, -0.05126,  0.06821,  0.0237, -0.0457,  0.81211,  0.58171,  0.90631,  0.06687
980, 304, -0.05006,  0.06797,  0.02373,  0.1455,  0.79589,  0.58769,  0.91143,  0.0359
981, 304, -0.05006,  0.06797,  0.02373,  0.1455,  0.79589,  0.58769,  0.91143,  0.0359
982, 295, -0.05126,  0.06821,  0.0237, -0.0457,  0.81211,  0.58171,  0.90631,  0.06687
983, 305, -0.05022,  0.06758,  0.02425,  0.12329,  0.76401,  0.63331,  0.92577,  0.0414
984, 305, -0.05022,  0.06758,  0.02425,  0.12329,  0.76401,  0.63331,  0.92577,  0.0414
985, 295, -0.05126,  0.06821,  0.0237, -0.0457,  0.81211,  0.58171,  0.90631,  0.06687
986, 306, -0.05047,  0.06738,  0.02452,  0.05954,  0.72938,  0.68151,  0.93309,  0.04875
987, 306, -0.05047,  0.06738,  0.02452,  0.05954,  0.72938,  0.68151,  0.93309,  0.04875
988, 295, -0.05126,  0.06821,  0.0237, -0.0457,  0.81211,  0.58171,  0.90631,  0.06687
989, 307, -0.05097,  0.0672,  0.02473, -0.00633,  0.71274,  0.7014,  0.9386,  0.06309
990, 307, -0.05097,  0.0672,  0.02473, -0.00633,  0.71274,  0.7014,  0.9386,  0.06309
991, 295, -0.05126,  0.06821,  0.0237, -0.0457,  0.81211,  0.58171,  0.90631,  0.06687
992, 294, -0.05153,  0.06718,  0.02471, -0.09736,  0.71027,  0.69717,  0.93779,  0.07842
993, 308, -0.0564,  0.06553,  0.03308,  0.20693,  0.93462,  0.28925,  0.9386,  0.07332
994, 309, -0.0575,  0.06548,  0.03385,  0.11816,  0.93442,  0.33601,  0.92946,  0.09131
995, 310, -0.05602,  0.06471,  0.03546,  0.25634,  0.86616,  0.42901,  0.90631,  0.06687
996, 309, -0.0575,  0.06548,  0.03385,  0.11816,  0.93442,  0.33601,  0.92946,  0.09131
997, 311, -0.05806,  0.065,  0.03516,  0.06673,  0.91088,  0.40725,  0.91143,  0.10047
998, 310, -0.05602,  0.06471,  0.03546,  0.25634,  0.86616,  0.42901,  0.90631,  0.06687
999, 311, -0.05806,  0.065,  0.03516,  0.06673,  0.91088,  0.40725,  0.91143,  0.10047
1000, 312, -0.05801,  0.06446,  0.03621,  0.07346,  0.87074,  0.48623,  0.8961,  0.09968
1001, 310, -0.05602,  0.06471,  0.03546,  0.25634,  0.86616,  0.42901,  0.90631,  0.06687
1002, 312, -0.05801,  0.06446,  0.03621,  0.07346,  0.87074,  0.48623,  0.8961,  0.09968
1003, 313, -0.0575,  0.0639,  0.03704,  0.11813,  0.83352,  0.53971,  0.8832,  0.09131
1004, 310, -0.05602,  0.06471,  0.03546,  0.25634,  0.86616,  0.42901,  0.90631,  0.06687
1005, 313, -0.0575,  0.0639,  0.03704,  0.11813,  0.83352,  0.53971,  0.8832,  0.09131
1006, 314, -0.05671,  0.06342,  0.03753,  0.19535,  0.80176,  0.56482,  0.87484,  0.07842
1007, 310, -0.05602,  0.06471,  0.03546,  0.25634,  0.86616,  0.42901,  0.90631,  0.06687
1008, 314, -0.05671,  0.06342,  0.03753,  0.19535,  0.80176,  0.56482,  0.87484,  0.07842
1009, 315, -0.05577,  0.06317,  0.03747,  0.29879,  0.77527,  0.5565,  0.87403,  0.06309
1010, 310, -0.05602,  0.06471,  0.03546,  0.25634,  0.86616,  0.42901,  0.90631,  0.06687
1011, 315, -0.05577,  0.06317,  0.03747,  0.29879,  0.77527,  0.5565,  0.87403,  0.06309
1012, 316, -0.05467,  0.06322,  0.03671,  0.37175,  0.77103,  0.51702,  0.8832,  0.0451
1013, 310, -0.05602,  0.06471,  0.03546,  0.25634,  0.86616,  0.42901,  0.90631,  0.06687
1014, 316, -0.05467,  0.06322,  0.03671,  0.37175,  0.77103,  0.51702,  0.8832,  0.0451
1015, 317, -0.05416,  0.06354,  0.03576,  0.42496,  0.78903,  0.44367,  0.8961,  0.03671
1016, 310, -0.05602,  0.06471,  0.03546,  0.25634,  0.86616,  0.42901,  0.90631,  0.06687
1017, 317, -0.05416,  0.06354,  0.03576,  0.42496,  0.78903,  0.44367,  0.8961,  0.03671
1018, 318, -0.05411,  0.06406,  0.03469,  0.43091,  0.82474,  0.36622,  0.91143,  0.0359
1019, 310, -0.05602,  0.06471,  0.03546,  0.25634,  0.86616,  0.42901,  0.90631,  0.06687
1020, 318, -0.05411,  0.06406,  0.03469,  0.43091,  0.82474,  0.36622,  0.91143,  0.0359
1021, 319, -0.05467,  0.06481,  0.03351,  0.39426,  0.86335,  0.31493,  0.92946,  0.0451
1022, 310, -0.05602,  0.06471,  0.03546,  0.25634,  0.86616,  0.42901,  0.90631,  0.06687
1023, 319, -0.05467,  0.06481,  0.03351,  0.39426,  0.86335,  0.31493,  0.92946,  0.0451
1024, 320, -0.05546,  0.06528,  0.03303,  0.31007,  0.90757,  0.28314,  0.93779,  0.05796
1025, 310, -0.05602,  0.06471,  0.03546,  0.25634,  0.86616,  0.42901,  0.90631,  0.06687
1026, 320, -0.05546,  0.06528,  0.03303,  0.31007,  0.90757,  0.28314,  0.93779,  0.05796
1027, 308, -0.0564,  0.06553,  0.03308,  0.20693,  0.93462,  0.28925,  0.9386,  0.07332
1028, 310, -0.05602,  0.06471,  0.03546,  0.25634,  0.86616,  0.42901,  0.90631,  0.06687
